"PIN","NAME","CODE","QPIN"
"bjd","北京东","BOP","beijingdong"
"bjn","北京南","VNP","beijingnan"
"gzn","广州南","IZQ","guangzhounan"
"cqi","重庆","CQW","chongqing"
"cqx","重庆西","CXW","chongqingxi"
"sha","上海","SHH","shanghai"
"shq","上海虹桥","AOH","shanghaihongqiao"
"tjb","天津北","TBP","tianjinbei"
"tjn","天津南","TIP","tianjinnan"
"cch","长春","CCT","changchun"
"ccx","长春西","CRT","changchunxi"
"cdn","成都南","CNW","chengdunan"
"csh","长沙","CSQ","changsha"
"dmh","大明湖","JAK","daminghu"
"fzn","福州南","FYS","fuzhounan"
"gzx","广州西","GXQ","guangzhouxi"
"hed","哈尔滨东","VBB","haerbindong"
"hfe","合肥","HFH","hefei"
"hhd","呼和浩特东","NDC","huhehaotedong"
"hkd","海  口东","KEQ","haikoudong"
"hko","海口","VUQ","haikou"
"hzh","杭州","HZH","hangzhou"
"jna","济南","JNK","jinan"
"kmi","昆明","KMM","kunming"
"lsa","拉萨","LSO","lasa"
"lzh","兰州","LZJ","lanzhou"
"nch","南昌","NCG","nanchang"
"njn","南京南","NKH","nanjingnan"
"sjb","石家庄北","VVP","shijiazhuangbei"
"sya","沈阳","SYT","shenyang"
"syd","沈阳东","SDT","shenyangdong"
"tyb","太原北","TBV","taiyuanbei"
"tyu","太原","TYV","taiyuan"
"wjx","王家营西","KNM","wangjiayingxi"
"xab","西安北","EAY","xianbei"
"xan","西安南","CAY","xiannan"
"ych","银川","YIJ","yinchuan"
"aes","阿尔山","ART","aershan"
"aks","阿克苏","ASR","akesu"
"alk","阿拉山口","AKR","alashankou"
"aqi","安庆","AQH","anqing"
"aya","安阳","AYF","anyang"
"bbu","蚌埠","BBH","bengbu"
"bha","北海","BHZ","beihai"
"bji","白涧","BAP","baijian"
"bji","滨江","BJB","binjiang"
"bse","百色","BIZ","baise"
"bta","北台","BTT","beitai"
"bto","包头","BTC","baotou"
"bxi","本溪","BXT","benxi"
"byx","白银西","BXJ","baiyinxi"
"cbi","赤壁","CBN","chibi"
"cde","承德","CDP","chengde"
"cfe","赤峰","CFD","chifeng"
"cna","苍南","CEH","cangnan"
"cre","崇仁","CRG","chongren"
"ctz","长汀镇","CDB","changtingzhen"
"cxn","楚雄南","COM","chuxiongnan"
"czb","长治北","CBF","changzhibei"
"czh","长征","CZJ","changzheng"
"czh","郴州","CZQ","chenzhou"
"czh","沧州","COP","cangzhou"
"dab","大安北","RNT","daanbei"
"ddo","丹东","DUT","dandong"
"dgd","东莞东","DMQ","dongguandong"
"dhu","敦煌","DHJ","dunhuang"
"dhu","德惠","DHT","dehui"
"dji","大涧","DFP","dajian"
"dlb","大连北","DFT","dalianbei"
"dli","大连","DLT","dalian"
"dqi","大庆","DZX","daqing"
"dsq","大石桥","DQT","dashiqiao"
"dyi","东营","DPK","dongying"
"dyu","都匀","RYW","duyun"
"dzh","达州","RXW","dazhou"
"ejn","额济纳","EJC","ejina"
"esh","恩施","ESN","enshi"
"fhc","凤凰机场","FJQ","fenghuangjichang"
"fli","涪陵","FLW","fuling"
"fsb","抚顺北","FET","fushunbei"
"fxn","阜新南","FXD","fuxinnan"
"gem","格尔木","GRO","geermu"
"gji","古交","GJV","gujiao"
"gli","古莲","GRX","gulian"
"gsh","固始","GXN","gushi"
"gta","干塘","GNJ","gantang"
"gzb","广州北","GBQ","guangzhoubei"
"gzl","公主岭","GLT","gongzhuling"
"han","淮安","AUH","huaian"
"hbe","鹤北","HMB","hebei"
"hbi","河边","HBV","hebian"
"hch","韩城","HCY","hancheng"
"hdz","横道河子","HDB","hengdaohezi"
"hgt","皇姑屯","HTT","huanggutun"
"hhe","黑河","HJB","heihe"
"hko","汉口","HKN","hankou"
"hle","海拉尔","HRX","hailaer"
"hlu","海伦","HLB","hailun"
"hmi","哈密","HMR","hami"
"hnx","海宁西","EUH","hainingxi"
"hrb","怀柔北","HBP","huairoubei"
"hsh","华山","HSY","huashan"
"hsh","黄石","HSN","huangshi"
"hya","衡阳","HYQ","hengyang"
"hzh","贺州","HXZ","hezhou"
"hzh","惠州","HCQ","huizhou"
"jan","集安","JAL","jian"
"jch","晋城","JCF","jincheng"
"jdz","景德镇","JCG","jingdezhen"
"jgq","加格达奇","JGX","jiagedaqi"
"jhe","蛟河","JHL","jiaohe"
"jhu","金华","JBH","jinhua"
"jli","吉林","JLL","jilin"
"jms","佳木斯","JMB","jiamusi"
"jnn","集宁南","JAC","jiningnan"
"jsh","江山","JUH","jiangshan"
"jts","镜铁山","JVJ","jingtieshan"
"jxx","绩溪县","JRH","jixixian"
"jyo","江油","JFW","jiangyou"
"jzh","金州","JZT","jinzhou"
"kel","库尔勒","KLR","kuerle"
"kla","岢岚","KLV","kelan"
"ksh","喀什","KSR","kashi"
"ktu","奎屯","KTR","kuitun"
"lan","六安","UAH","luan"
"lcg","芦潮港","UCH","luchaogang"
"lch","陆川","LKZ","luchuan"
"lch","临川","LCG","linchuan"
"lda","鹿道","LDL","ludao"
"lfe","临汾","LFV","linfen"
"lhe","临河","LHC","linhe"
"lhu","绿化","LWJ","lvhua"
"lji","丽江","LHM","lijiang"
"lji","龙井","LJL","longjing"
"lli","醴陵","LLG","liling"
"lpi","滦平","UPP","luanping"
"lqi","灵丘","LVV","lingqiu"
"lxi","兰溪","LWH","lanxi"
"lxi","澧县","LEQ","lixian"
"lya","龙岩","LYS","longyan"
"lya","洛阳","LYF","luoyang"
"lyd","洛阳东","LDF","luoyangdong"
"lym","洛阳龙门","LLF","luoyanglongmen"
"lyu","凌源","LYD","lingyuan"
"lzh","立志","LZX","lizhi"
"lzh","辽中","LZD","liaozhong"
"mdh","免渡河","MDX","mianduhe"
"meg","莫尔道嘎","MRX","moerdaoga"
"mgu","满归","MHX","mangui"
"mmi","茂名","MDQ","maoming"
"msh","密山","MSB","mishan"
"mwe","麻尾","VAW","mawei"
"mzh","梅州","MOQ","meizhou"
"nbd","宁波东","NVH","ningbodong"
"nch","南岔","NCB","nancha"
"nda","南丹","NDZ","nandan"
"nfe","南芬","NFT","nanfen"
"nji","嫩江","NGX","nenjiang"
"npi","南平","NPS","nanping"
"nya","南阳","NFF","nanyang"
"pds","平顶山","PEN","pingdingshan"
"pli","平凉","PIJ","pingliang"
"pqu","平泉","PQP","pingquan"
"pxi","萍乡","PXG","pingxiang"
"pxx","郫县西","PCW","pixianxi"
"qch","蕲春","QRN","qichun"
"qda","青岛","QDK","qingdao"
"qji","黔江","QNW","qianjiang"
"qqe","齐齐哈尔","QHX","qiqihaer"
"qxi","沁县","QVV","qinxian"
"qzh","泉州","QYS","quanzhou"
"ran","融安","RAZ","rongan"
"rji","瑞金","RJG","ruijin"
"scp","双城堡","SCB","shuangchengpu"
"sgd","韶关东","SGQ","shaoguandong"
"shu","绥化","SHB","suihua"
"sjt","苏家屯","SXT","sujiatun"
"smi","三明","SMS","sanming"
"smx","三门峡","SMF","sanmenxia"
"sni","遂宁","NIW","suining"
"sqi","商丘","SQF","shangqiu"
"ssh","韶山","SSQ","shaoshan"
"sto","汕头","OTQ","shantou"
"sxi","涉县","OEP","shexian"
"sya","三  亚","JUQ","sanya"
"sya","十堰","SNN","shiyan"
"syu","松原","VYT","songyuan"
"szh","深圳","SZQ","shenzhen"
"szh","随州","SZN","suizhou"
"szx","深圳西","OSQ","shenzhenxi"
"teq","塔尔气","TVX","taerqi"
"tgu","塘沽","TGP","tanggu"
"thu","通化","THL","tonghua"
"tlf","吐鲁番","TFR","tulufan"
"tli","铁岭","TLT","tieling"
"tme","图们","TML","tumen"
"tsb","唐山北","FUP","tangshanbei"
"tsh","泰山","TAK","taishan"
"typ","通远堡","TYT","tongyuanpu"
"tzh","泰州","UTH","taizhou"
"tzx","通州西","TAP","tongzhouxi"
"wch","武昌","WCN","wuchang"
"wha","威海","WKK","weihai"
"whx","乌海西","WXC","wuhaixi"
"wlo","武隆","WLW","wulong"
"wna","渭南","WNY","weinan"
"wts","歪头山","WIT","waitoushan"
"wwn","武威南","WWJ","wuweinan"
"wxi","乌西","WXR","wuxi"
"wys","武夷山","WAS","wuyishan"
"wzh","万州","WYW","wanzhou"
"wzh","温州","RZH","wenzhou"
"xch","西昌","ECW","xichang"
"xcn","西昌南","ENW","xichangnan"
"xga","轩岗","XGV","xuangang"
"xha","宣汉","XHY","xuanhan"
"xhu","新晃","XLQ","xinhuang"
"xlx","兴隆县","EXP","xinglongxian"
"xme","厦门","XMS","xiamen"
"xsh","小市","XST","xiaoshi"
"xta","向塘","XTG","xiangtang"
"xxi","新乡","XXF","xinxiang"
"xya","咸阳","XYY","xianyang"
"xyc","熊岳城","XYT","xiongyuecheng"
"xyi","兴义","XRZ","xingyi"
"xzh","徐州","XCH","xuzhou"
"ybi","宜宾","YBW","yibin"
"ybs","叶柏寿","YBD","yebaishou"
"ych","永川","YCW","yongchuan"
"ych","宜昌","YCN","yichang"
"ych","伊春","YCB","yichun"
"ycu","杨村","YBP","yangcun"
"yes","伊尔施","YET","yiershi"
"yga","燕岗","YGW","yangang"
"yji","永济","YIV","yongji"
"yji","延吉","YJL","yanji"
"yko","营口","YKT","yingkou"
"yks","牙克石","YKX","yakeshi"
"yli","阎良","YNY","yanliang"
"yli","玉林","YLZ","yulin"
"yli","榆林","ALY","yulin"
"ylw","亚龙湾","TWQ","yalongwan"
"ymp","一面坡","YPB","yimianpo"
"ypg","阳平关","YAY","yangpingguan"
"ypi","原平","YPV","yuanping"
"yqq","阳泉曲","YYV","yangquanqu"
"yqu","阳泉","AQP","yangquan"
"ysh","玉山","YNG","yushan"
"ysh","燕山","AOP","yanshan"
"yta","鹰潭","YTG","yingtan"
"yth","伊图里河","YEX","yitulihe"
"ywu","义乌","YWH","yiwu"
"yxi","义县","YXD","yixian"
"yya","岳阳","YYQ","yueyang"
"yzh","永州","AOQ","yongzhou"
"zbo","淄博","ZBK","zibo"
"zgo","自贡","ZGW","zigong"
"zhb","珠海北","ZIQ","zhuhaibei"
"zji","镇江","ZJH","zhenjiang"
"zjk","张家口","ZKP","zhangjiakou"
"zko","周口","ZKN","zhoukou"
"zlm","哲里木","ZLC","zhelimu"
"zmd","驻马店","ZDN","zhumadian"
"zsz","周水子","ZIT","zhoushuizi"
"zwe","中卫","ZWJ","zhongwei"
"zyx","遵义西","ZIW","zunyixi"
"zzh","资中","ZZW","zizhong"
"zzx","枣庄西","ZFK","zaozhuangxi"
"ach","阿城","ACB","acheng"
"ade","安德","ARW","ande"
"adu","安多","ADO","anduo"
"aha","敖汉","YED","aohan"
"ahu","安化","PKQ","anhua"
"aji","鳌江","ARH","aojiang"
"aji","阿金","AJD","ajin"
"akt","阿克陶","AER","aketao"
"alg","敖力布告","ALD","aolibugao"
"als","阿龙山","ASX","alongshan"
"ame","阿木尔","JTX","amuer"
"aqx","安庆西","APH","anqingxi"
"ata","安塘","ATV","antang"
"ats","阿图什","ATR","atushi"
"axi","安溪","AXS","anxi"
"bbe","北碚","BPW","beibei"
"bbg","白壁关","BGV","baibiguan"
"bch","巴楚","BCR","bachu"
"bdh","北戴河","BEP","beidaihe"
"bdi","宝坻","BPP","baodi"
"bdo","巴东","BNN","badong"
"bha","布海","BUT","buhai"
"bho","贲红","BVC","benhong"
"bhx","白河县","BEY","baihexian"
"bjg","碧鸡关","BJM","bijiguan"
"bji","碧江","BLQ","bijiang"
"bjs","笔架山","BSB","bijiashan"
"bka","保康","BKD","baokang"
"bla","白狼","BAT","bailang"
"ble","博乐","BOR","bole"
"bli","巴林","BLX","balin"
"bli","北流","BOZ","beiliu"
"blk","布列开","BLR","buliekai"
"blx","百里峡","AAP","bailixia"
"bmq","班猫箐","BNM","banmaoqing"
"bmz","北马圈子","BRP","beimaquanzi"
"bqi","白旗","BQP","baiqi"
"bqu","白泉","BQL","baiquan"
"bsj","白水江","BSY","baishuijiang"
"bss","白石山","BAL","baishishan"
"btd","包头 东","FDC","baotoudong"
"bti","坂田","BTQ","bantian"
"btu","北屯","BYP","beitun"
"bxi","博兴","BXK","boxing"
"byg","白音察干","BYC","baiyinchagan"
"byi","北营","BIV","beiying"
"byl","白音他拉","BID","baiyintala"
"bys","白银市","BNJ","baiyinshi"
"bzh","巴中","IEW","bazhong"
"bzh","北宅","BVP","beizhai"
"cbg","查布嘎","CBC","chabuga"
"cch","长冲","CCM","changchong"
"cfx","赤峰西","CID","chifengxi"
"cga","柴岗","CGT","chaigang"
"cgp","柴沟堡","CGV","chaigoupu"
"cgy","陈官营","CAJ","chenguanying"
"cha","草海","WBW","caohai"
"che","册亨","CHZ","ceheng"
"chk","崔黄口","CHP","cuihuangkou"
"cjg","蔡家沟","CJT","caijiagou"
"cji","岔江","CAM","chajiang"
"cle","昌乐","CLK","changle"
"cli","慈利","CUQ","cili"
"cli","昌黎","CLP","changli"
"cmi","晨明","CMB","chenming"
"cpb","昌平北","VBP","changpingbei"
"cpl","长坡岭","CPM","changpoling"
"csh","蔡山","CON","caishan"
"csh","长寿","EFW","changshou"
"csh","苍石","CST","cangshi"
"csq","察素齐","CSC","chasuqi"
"cti","长汀","CES","changting"
"ctx","昌图西","CPT","changtuxi"
"cxi","磁县","CIP","cixian"
"cxi","辰溪","CXQ","chenxi"
"cxn","长兴南","CFH","changxingnan"
"cya","春阳","CAL","chunyang"
"cyc","创业村","CEX","chuangyecun"
"cyc","朝阳川","CYL","chaoyangchuan"
"cyn","朝阳南","CYD","chaoyangnan"
"cyz","朝阳镇","CZL","chaoyangzhen"
"czb","常州北","ESH","changzhoubei"
"czh","潮州","CKQ","chaozhou"
"czl","曹子里","CFP","caozili"
"czx","郴州西","ICQ","chenzhouxi"
"dan","德安","DAG","dean"
"dba","大坝","DBJ","daba"
"dba","大巴","DBD","daba"
"dbi","定边","DYJ","dingbian"
"dbs","德伯斯","RDT","debosi"
"dch","德昌","DVW","dechang"
"ddg","大磴沟","DKJ","dadenggou"
"dee","得耳布尔","DRX","deerbuer"
"det","杜尔伯特","TKX","duerbote"
"dfe","丹凤","DGY","danfeng"
"dge","都格","DMM","duge"
"dgu","大关","RGW","daguan"
"dha","东海","DHB","donghai"
"dhq","大红旗","DQD","dahongqi"
"dhx","东海县","DQH","donghaixian"
"djg","达家沟","DJT","dajiagou"
"dji","杜家","DJL","dujia"
"dla","东来","RVD","donglai"
"dlh","大陆号","DLC","daluhao"
"dli","大林","DLD","dalin"
"dlt","独立屯","DTX","dulitun"
"dlx","达拉特西","DNC","dalatexi"
"dmc","东明村","DMD","dongmingcun"
"dmx","东明县","DNF","dongmingxian"
"dpf","大平房","DPD","dapingfang"
"dpu","大埔","DPI","dapu"
"dqd","大庆东","LFX","daqingdong"
"dqi","道清","DML","daoqing"
"dqx","德清西","MOH","deqingxi"
"dsh","东升","DRQ","dongsheng"
"dsh","独山","RWW","dushan"
"dsp","读书铺","DPM","dushupu"
"dsx","东胜西","DYC","dongshengxi"
"dta","东台","DBH","dongtai"
"dta","灯塔","DGT","dengta"
"dth","东通化","DTL","dongtonghua"
"dtu","大屯","DNT","datun"
"dwk","大武口","DFJ","dawukou"
"dwt","大王滩","DZZ","dawangtan"
"dxg","大兴沟","DXL","daxinggou"
"dxi","定西","DSJ","dingxi"
"dxi","东乡","DXG","dongxiang"
"dxi","定襄","DXV","dingxiang"
"dxz","东辛庄","DXD","dongxinzhuang"
"dya","德阳","DYW","deyang"
"dya","当阳","DYN","dangyang"
"dyd","大英东","IAW","dayingdong"
"dyi","大营","DYV","daying"
"dyu","岱岳","RYV","daiyue"
"dyz","大营镇","DJP","dayingzhen"
"dzc","大战场","DTJ","dazhanchang"
"dzh","东至","DCH","dongzhi"
"dzh","东镇","DNV","dongzhen"
"dzh","东庄","DZV","dongzhuang"
"dzh","豆庄","ROP","douzhuang"
"dzy","大竹园","DZY","dazhuyuan"
"dzz","豆张庄","RZP","douzhangzhuang"
"edm","二道沟门","RDP","erdaogoumen"
"ees","鄂尔多斯","EEC","eerduosi"
"elt","二龙山屯","ELA","erlongshantun"
"emh","二密河","RML","ermihe"
"ezh","鄂州","ECN","ezhou"
"fch","丰城","FCG","fengcheng"
"fdo","肥东","FIH","feidong"
"fha","富海","FHX","fuhai"
"fhc","凤凰城","FHT","fenghuangcheng"
"fhu","奉化","FHH","fenghua"
"fjt","范家屯","FTT","fanjiatun"
"flt","福利屯","FTB","fulitun"
"fna","阜南","FNH","funan"
"fni","抚宁","FNP","funing"
"fqu","福泉","VMW","fuquan"
"fsh","丰顺","FUQ","fengshun"
"fsh","抚顺","FST","fushun"
"fsu","扶绥","FSZ","fusui"
"fty","浮图峪","FYP","futuyu"
"fxi","凤县","FXY","fengxian"
"fxi","费县","FXK","feixian"
"fya","汾阳","FAV","fenyang"
"fyi","分宜","FYG","fenyi"
"fyu","扶余","FYT","fuyu"
"fzb","抚州北","FBG","fuzhoubei"
"fzh","丰镇","FZC","fengzhen"
"gan","固安","GFP","guan"
"gbd","高碑店","GBP","gaobeidian"
"gcd","甘草店","GDJ","gancaodian"
"gch","藁城","GEP","gaocheng"
"gcz","古城镇","GZB","guchengzhen"
"gdi","贵定","GTW","guiding"
"gdo","古东","GDV","gudong"
"gga","官高","GVP","guangao"
"ggo","干沟","GGL","gangou"
"ggz","高各庄","GGP","gaogezhuang"
"ghe","根河","GEX","genhe"
"gjz","孤家子","GKT","gujiazi"
"gla","皋兰","GEJ","gaolan"
"glh","归流河","GHT","guiliuhe"
"glu","甘洛","VOW","ganluo"
"gmi","高密","GMK","gaomi"
"gnh","工农湖","GRT","gongnonghu"
"gnw","广南卫","GNM","guangnanwei"
"gqb","甘泉北","GEY","ganquanbei"
"gqk","甘旗卡","GQD","ganqika"
"gqz","高桥镇","GZD","gaoqiaozhen"
"gsh","赶水","GSW","ganshui"
"gso","果松","GSL","guosong"
"gsz","嘎什甸子","GXD","gashidianzi"
"gta","高滩","GAY","gaotan"
"gti","古田","GTS","gutian"
"gtx","官厅西","KEP","guantingxi"
"gya","涡阳","GYH","guoyang"
"gyi","高邑","GIP","gaoyi"
"gyn","广元南","GAW","guangyuannan"
"gyu","菇园","GYL","guyuan"
"gze","光泽","GZS","guangze"
"gzh","固镇","GEH","guzhen"
"gzh","瓜州","GZJ","guazhou"
"gzh","盖州","GXT","gaizhou"
"gzs","冠豸山","GSS","guanzhaishan"
"han","淮安南","AMH","huaiannan"
"hax","海安县","HIH","haianxian"
"hba","黄柏","HBL","huangbai"
"hbi","鹤壁","HAF","hebi"
"hch","华城","VCQ","huacheng"
"hch","汉川","HCN","hanchuan"
"hch","合川","WKW","hechuan"
"hcu","黄村","HCP","huangcun"
"hde","化德","HGC","huade"
"hes","霍尔果斯","HFR","huoerguosi"
"yni","伊宁","YMR","yining"
"ypi","玉屏","YZW","yuping"
"yqi","延庆","YNP","yanqing"
"yqu","玉泉","YQB","yuquan"
"ysh","营山","NUW","yingshan"
"ysh","榆树","YRT","yushu"
"yta","烟台","YAK","yantai"
"ytx","玉田县","ATP","yutianxian"
"yxi","阳新","YON","yangxin"
"yya","益阳","AEQ","yiyang"
"yzh","崖州","YUQ","yazhou"
"yzh","扬州","YLH","yangzhou"
"zcd","镇城底","ZDV","zhenchengdi"
"zha","珠海","ZHQ","zhuhai"
"zji","湛江","ZJZ","zhanjiang"
"zjj","张家界","DIQ","zhangjiajie"
"zjn","张家口南","ZMP","zhangjiakounan"
"zlt","扎兰屯","ZTX","zhalantun"
"zqi","肇庆","ZVQ","zhaoqing"
"zto","昭通","ZDW","zhaotong"
"zya","资阳","ZYW","ziyang"
"zzh","枣庄","ZEK","zaozhuang"
"zzh","株洲","ZZQ","zhuzhou"
"aax","昂昂溪","AAX","angangxi"
"ada","安达","ADX","anda"
"adi","安定","ADP","anding"
"agu","安广","AGT","anguang"
"ahe","艾河","AHP","aihe"
"ajc","艾家村","AJJ","aijiacun"
"aji","安家","AJB","anjia"
"aji","安靖","PYW","anjing"
"aky","安口窑","AYY","ankouyao"
"alo","安龙","AUZ","anlong"
"alu","安陆","ALN","anlu"
"anz","阿南庄","AZM","ananzhuang"
"asx","鞍山西","AXT","anshanxi"
"atb","安亭北","ASH","antingbei"
"atu","安图","ATL","antu"
"bao","博鳌","BWQ","boao"
"bbn","蚌埠南","BMH","bengbunan"
"bch","板城","BUP","bancheng"
"bdi","保定","BDP","baoding"
"bdl","八达岭","ILP","badaling"
"bgu","柏果","BGM","baiguo"
"bhd","白河东","BIY","baihedong"
"bhs","宝华山","BWH","baohuashan"
"bjg","白芨沟","BJJ","baijigou"
"bji","北滘","IBQ","beijiao"
"bjp","白鸡坡","BBM","baijipo"
"bjt","八角台","BTD","bajiaotai"
"bkp","白奎堡","BKB","baikuipu"
"bla","百浪","BRZ","bailang"
"blg","宝拉格","BQC","baolage"
"bli","宝林","BNB","baolin"
"bli","勃利","BLB","boli"
"bls","宝龙山","BND","baolongshan"
"bmc","八面城","BMD","bamiancheng"
"bmt","八面通","BMB","bamiantong"
"bpn","北票南","RPD","beipiaonan"
"bql","宝泉岭","BQB","baoquanling"
"bsh","巴山","BAY","bashan"
"bsp","白沙坡","BPM","baishapo"
"bsz","白水镇","BUM","baishuizhen"
"bto","泊头","BZP","botou"
"bxh","本溪湖","BHT","benxihu"
"bxt","八仙筒","VXD","baxiantong"
"byh","背荫河","BYB","beiyinhe"
"byl","巴彦高勒","BAC","bayangaole"
"byq","鲅鱼圈","BYT","bayuquan"
"bys","白音胡硕","BCD","baiyinhushuo"
"bzh","霸州","RMP","bazhou"
"cbb","赤壁北","CIN","chibibei"
"cch","长城","CEJ","changcheng"
"cdd","承德东","CCP","chengdedong"
"cga","嵯岗","CAX","cuogang"
"cge","长葛","CEF","changge"
"cgu","城固","CGY","chenggu"
"cgz","成高子","CZB","chenggaozi"
"che","柴河","CHB","chaihe"
"chk","草河口","CKT","caohekou"
"chu","巢湖","CIH","chaohu"
"cjh","成吉思汗","CJX","chengjisihan"
"cjp","蔡家坡","CJY","caijiapo"
"clg","超梁沟","CYP","chaolianggou"
"clz","长岭子","CLT","changlingzi"
"cno","长农","CNJ","changnong"
"cpi","常平","DAQ","changping"
"cqi","辰清","CQB","chenqing"
"csh","楚山","CSB","chushan"
"csh","磁山","CSP","cishan"
"csh","草市","CSL","caoshi"
"cst","长山屯","CVT","changshantun"
"ctn","朝天南","CTY","chaotiannan"
"cwa","春湾","CQQ","chunwan"
"cxi","岑溪","CNZ","cenxi"
"cxi","磁西","CRP","cixi"
"cya","磁窑","CYK","ciyao"
"cya","城阳","CEK","chengyang"
"cyd","朝阳地","CDD","chaoyangdi"
"cyu","长垣","CYF","changyuan"
"czb","滁州北","CUH","chuzhoubei"
"czh","滁州","CXH","chuzhou"
"czh","常庄","CVK","changzhuang"
"czw","车转湾","CWM","chezhuanwan"
"czx","沧州西","CBP","cangzhouxi"
"dan","大安","RAT","daan"
"dba","大板","DBC","daban"
"dba","到保","RBT","daobao"
"dbj","东边井","DBB","dongbianjing"
"dcg","打柴沟","DGJ","dachaigou"
"dda","滴道","DDB","didao"
"ded","刀尔登","DRD","daoerdeng"
"dfa","东方","UFQ","dongfang"
"dfe","东丰","DIL","dongfeng"
"dgt","大官屯","DTT","daguantun"
"dgu","东光","DGP","dongguang"
"dhc","大灰厂","DHP","dahuichang"
"dht","大禾塘","SOQ","shaodong"
"dhx","德惠西","DXT","dehuixi"
"dji","东津","DKB","dongjin"
"dkt","大口屯","DKP","dakoutun"
"dlh","德令哈","DHO","delingha"
"dli","带岭","DLB","dailing"
"dlq","达拉特旗","DIC","dalateqi"
"dlu","豆罗","DLV","douluo"
"dlx","大连西","GZT","dalianxi"
"dmh","洞庙河","DEP","dongmiaohe"
"dni","大拟","DNZ","dani"
"dps","大盘石","RPP","dapanshi"
"dpu","大堡","DVT","dapu"
"dqh","大其拉哈","DQX","daqilaha"
"dqs","对青山","DQB","duiqingshan"
"dqx","大庆西","RHX","daqingxi"
"dsh","砀山","DKH","dangshan"
"dsh","登沙河","DWT","dengshahe"
"dst","大石头","DSL","dashitou"
"dsz","大石寨","RZT","dashizhai"
"dta","定陶","DQK","dingtao"
"dtb","大田边","DBM","datianbian"
"dtu","丹徒","RUH","dantu"
"dwa","东湾","DRJ","dongwan"
"dwp","低窝铺","DWJ","diwopu"
"dwz","大湾子","DFM","dawanzi"
"dxi","大兴","DXX","daxing"
"dxi","甸心","DXM","dianxin"
"dxi","代县","DKV","daixian"
"dxu","东戌","RXP","dongxu"
"dya","丹阳","DYH","danyang"
"dya","大雁","DYX","dayan"
"dyb","丹阳北","EXH","danyangbei"
"dyd","东淤地","DBV","dongyudi"
"dyu","定远","EWH","dingyuan"
"dyu","大元","DYZ","dayuan"
"dyz","大营子","DZD","dayingzi"
"dzd","德州东","DIP","dezhoudong"
"dzh","低庄","DVQ","dizhuang"
"dzh","道州","DFZ","daozhou"
"dzh","兑镇","DWV","duizhen"
"dzh","定州","DXP","dingzhou"
"dzz","大杖子","DAP","dazhangzi"
"ebi","峨边","EBW","ebian"
"edw","二道湾","RDX","erdaowan"
"elo","二龙","RLD","erlong"
"eme","峨眉","EMW","emei"
"eyi","二营","RYJ","erying"
"fan","福安","FAS","fuan"
"fcn","丰城南","FNG","fengchengnan"
"fer","发耳","FEM","faer"
"fha","福海","FHR","fuhai"
"fhe","汾河","FEV","fenhe"
"fji","富锦","FIB","fujin"
"flq","福利区","FLJ","fuliqu"
"flz","丰乐镇","FZB","fenglezhen"
"fni","阜宁","AKH","funing"
"fqi","福清","FQS","fuqing"
"fsc","丰水村","FSJ","fengshuicun"
"fsh","繁峙","FSV","fanshi"
"fsk","福山口","FKP","fushankou"
"ftu","冯屯","FTX","fengtun"
"fxd","富县东","FDY","fuxiandong"
"fxi","富县","FEY","fuxian"
"fya","凤阳","FUH","fengyang"
"fyb","扶余北","FBT","fuyubei"
"fyu","富源","FYM","fuyuan"
"fyu","富裕","FYX","fuyu"
"fzh","凤州","FZY","fengzhou"
"fzh","范镇","VZK","fanzhen"
"gan","广安","VJW","guangan"
"gbz","沟帮子","GBD","goubangzi"
"gch","谷城","GCN","gucheng"
"gcu","高村","GCV","gaocun"
"gde","广德","GRH","guangde"
"gdn","贵定南","IDW","guidingnan"
"gga","贵港","GGZ","guigang"
"ggm","葛根庙","GGT","gegenmiao"
"ggu","甘谷","GGJ","gangu"
"ghe","甘河","GAX","ganhe"
"gjd","郭家店","GDT","guojiadian"
"gla","古浪","GLJ","gulang"
"glf","高楼房","GFM","gaoloufang"
"gli","关林","GLF","guanlin"
"glz","郭磊庄","GLP","guoleizhuang"
"gmz","公庙子","GMC","gongmiaozi"
"gnn","广宁寺南","GNT","guangningsinan"
"gpi","高平","GPF","gaoping"
"gqc","共青城","GAG","gongqingcheng"
"gqu","甘泉","GQY","ganquan"
"gsh","灌水","GST","guanshui"
"gsk","孤山口","GSP","gushankou"
"gsz","高山子","GSD","gaoshanzi"
"gta","高台","GTJ","gaotai"
"gti","官厅","GTP","guanting"
"gxi","贵溪","GXG","guixi"
"gyi","巩义","GXF","gongyi"
"gyn","巩义南","GYF","gongyinan"
"gyu","固原","GUJ","guyuan"
"gyz","公营子","GYD","gongyingzi"
"gzh","古镇","GNQ","guzhen"
"gzh","虢镇","GZY","guozhen"
"gzh","高州","GSQ","gaozhou"
"gzj","官字井","GOT","guanzijing"
"gzx","盖州西","GAT","gaizhouxi"
"han","红安","HWN","hongan"
"hax","红安西","VXN","honganxi"
"hbe","海北","HEB","haibei"
"hcb","会昌北","XEG","huichangbei"
"hch","河唇","HCZ","hechun"
"hch","海城","HCT","haicheng"
"hct","黑冲滩","HCJ","heichongtan"
"hcx","海城西","HXT","haichengxi"
"hdo","洪洞","HDV","hongtong"
"hfe","横峰","HFG","hengfeng"
"hfw","韩府湾","HXJ","hanfuwan"
"hgy","黄瓜园","HYM","huangguayuan"
"hhe","浑河","HHT","hunhe"
"hht","黄花筒","HUD","huanghuatong"
"hji","和静","HJR","hejing"
"hji","黑井","HIM","heijing"
"hji","河津","HJV","hejin"
"hji","华家","HJT","huajia"
"hjx","河间西","HXP","hejianxi"
"hgu","汉沽","HGP","hangu"
"hgz","红光镇","IGW","hongguangzhen"
"hhg","红花沟","VHD","honghuagou"
"hjd","贺家店","HJJ","hejiadian"
"hji","红江","HFM","hongjiang"
"hji","获嘉","HJF","huojia"
"hji","涵江","HJS","hanjiang"
"hjq","杭锦后旗","HDC","hangjinhouqi"
"hjz","花家庄","HJM","huajiazhuang"
"hkn","河口南","HKJ","hekounan"
"hko","湖口","HKG","hukou"
"hko","黄口","KOH","huangkou"
"hla","呼兰","HUB","hulan"
"hlb","葫芦岛北","HPD","huludaobei"
"hlh","浩良河","HHB","haolianghe"
"hlh","哈拉海","HIT","halahai"
"hli","鹤立","HOB","heli"
"hli","桦林","HIB","hualin"
"hli","黄陵","ULY","huangling"
"hli","海林","HRB","hailin"
"hli","虎林","VLB","hulin"
"hli","寒岭","HAT","hanling"
"hlo","和龙","HLL","helong"
"hlo","海龙","HIL","hailong"
"hls","哈拉苏","HAX","halasu"
"hlt","呼鲁斯太","VTJ","hulusitai"
"hlz","火连寨","HLT","huolianzhai"
"hme","黄梅","VEH","huangmei"
"hmy","韩麻营","HYP","hanmaying"
"hnh","黄泥河","HHL","huangnihe"
"hni","海宁","HNH","haining"
"hno","惠农","HMJ","huinong"
"hpi","和平","VAQ","heping"
"hpz","花棚子","HZM","huapengzi"
"hqi","花桥","VQH","huaqiao"
"hqi","宏庆","HEY","hongqing"
"hre","怀仁","HRV","huairen"
"hro","华容","HRN","huarong"
"hsb","华山北","HDY","huashanbei"
"hsd","黄松甸","HDL","huangsongdian"
"hsg","和什托洛盖","VSR","heshituoluogai"
"hsh","红山","VSB","hongshan"
"hsh","汉寿","VSQ","hanshou"
"hsh","衡山","HSQ","hengshan"
"hsh","黑水","HOT","heishui"
"hsh","惠山","VCH","huishan"
"hsh","虎什哈","HHP","hushiha"
"hsp","红寺堡","HSJ","hongsipu"
"hst","虎石台","HUT","hushitai"
"hsw","海石湾","HSO","haishiwan"
"hsx","衡山西","HEQ","hengshanxi"
"hsx","红砂岘","VSJ","hongshaxian"
"hta","黑台","HQB","heitai"
"hta","桓台","VTK","huantai"
"hti","和田","VTR","hetian"
"hto","会同","VTQ","huitong"
"htz","海坨子","HZT","haituozi"
"hwa","黑旺","HWK","heiwang"
"hwa","海湾","RWH","haiwan"
"hxi","红星","VXB","hongxing"
"hxi","徽县","HYY","huixian"
"hxl","红兴隆","VHB","hongxinglong"
"hxt","换新天","VTB","huanxintian"
"hxt","红岘台","HTJ","hongxiantai"
"hya","红彦","VIX","hongyan"
"hya","合阳","HAY","heyang"
"hya","海阳","HYK","haiyang"
"hyd","衡阳东","HVQ","hengyangdong"
"hyi","华蓥","HUW","huaying"
"hyi","汉阴","HQY","hanyin"
"hyt","黄羊滩","HGJ","huangyangtan"
"hyu","汉源","WHW","hanyuan"
"hyu","河源","VIQ","heyuan"
"hyu","花园","HUN","huayuan"
"hyu","湟源","HNO","huangyuan"
"hyz","黄羊镇","HYJ","huangyangzhen"
"hzh","湖州","VZH","huzhou"
"hzh","化州","HZZ","huazhou"
"hzh","黄州","VON","huangzhou"
"hzh","霍州","HZV","huozhou"
"hzx","惠州西","VXQ","huizhouxi"
"jba","巨宝","JRT","jubao"
"jbi","靖边","JIY","jingbian"
"jbt","金宝屯","JBD","jinbaotun"
"jcb","晋城北","JEF","jinchengbei"
"jch","金昌","JCJ","jinchang"
"jch","鄄城","JCK","juancheng"
"jch","交城","JNV","jiaocheng"
"jch","建昌","JFD","jianchang"
"jde","峻德","JDB","junde"
"jdi","井店","JFP","jingdian"
"jdo","鸡东","JOB","jidong"
"jdu","江都","UDH","jiangdu"
"jgs","鸡冠山","JST","jiguanshan"
"jgt","金沟屯","VGP","jingoutun"
"jha","静海","JHP","jinghai"
"jhe","金河","JHX","jinhe"
"jhe","锦河","JHB","jinhe"
"jhe","精河","JHR","jinghe"
"jhn","精河南","JIR","jinghenan"
"jhu","江华","JHZ","jianghua"
"jhu","建湖","AJH","jianhu"
"jjg","纪家沟","VJD","jijiagou"
"jji","晋江","JJS","jinjiang"
"jji","锦界","JEY","jinjie"
"jji","姜家","JJB","jiangjia"
"jji","江津","JJW","jiangjin"
"jke","金坑","JKT","jinkeng"
"jli","芨岭","JLJ","jiling"
"jmc","金马村","JMM","jinmacun"
"jmd","江门东","JWQ","jiangmendong"
"jme","角美","JES","jiaomei"
"jna","莒南","JOK","junan"
"jna","井南","JNP","jingnan"
"jou","建瓯","JVS","jianou"
"jpe","经棚","JPC","jingpeng"
"jqi","江桥","JQX","jiangqiao"
"jsa","九三","SSX","jiusan"
"jsb","金山北","EGH","jinshanbei"
"jsh","嘉善","JSH","jiashan"
"jsh","京山","JCN","jingshan"
"jsh","建始","JRN","jianshi"
"jsh","稷山","JVV","jishan"
"jsh","吉舒","JSL","jishu"
"jsh","建设","JET","jianshe"
"jsh","甲山","JOP","jiashan"
"jsj","建三江","JIB","jiansanjiang"
"jsn","嘉善南","EAH","jiashannan"
"jst","金山屯","JTB","jinshantun"
"jst","江所田","JOM","jiangsuotian"
"jta","景泰","JTJ","jingtai"
"jtn","九台南","JNL","jiutainan"
"jwe","吉文","JWX","jiwen"
"jxi","进贤","JUG","jinxian"
"jxi","莒县","JKK","juxian"
"jxi","嘉祥","JUK","jiaxiang"
"jxi","介休","JXV","jiexiu"
"jxi","嘉兴","JXH","jiaxing"
"jxi","井陉","JJP","jingxing"
"jxn","嘉兴南","EPH","jiaxingnan"
"jxz","夹心子","JXT","jiaxinzi"
"jya","姜堰","UEH","jiangyan"
"jya","揭阳","JRQ","jieyang"
"jya","建阳","JYS","jianyang"
"jya","简阳","JYW","jianyang"
"jye","巨野","JYK","juye"
"jyo","江永","JYZ","jiangyong"
"jyu","缙云","JYH","jinyun"
"jyu","靖远","JYJ","jingyuan"
"jyu","江源","SZL","jiangyuan"
"jyu","济源","JYF","jiyuan"
"jyx","靖远西","JXJ","jingyuanxi"
"jzb","胶州北","JZK","jiaozhoubei"
"jzd","焦作东","WEF","jiaozuodong"
"jzh","金寨","JZH","jinzhai"
"jzh","靖州","JEQ","jingzhou"
"jzh","荆州","JBN","jingzhou"
"jzh","胶州","JXK","jiaozhou"
"jzh","晋州","JXP","jinzhou"
"jzn","锦州南","JOD","jinzhounan"
"jzu","焦作","JOF","jiaozuo"
"jzw","旧庄窝","JVP","jiuzhuangwo"
"jzz","金杖子","JYD","jinzhangzi"
"kan","开安","KAT","kaian"
"kch","库车","KCR","kuche"
"kch","康城","KCP","kangcheng"
"kde","库都尔","KDX","kuduer"
"kdi","宽甸","KDT","kuandian"
"kdo","克东","KOB","kedong"
"kdz","昆都仑召","KDC","kundulunzhao"
"kji","开江","KAW","kaijiang"
"kjj","康金井","KJB","kangjinjing"
"klq","喀喇其","KQX","kalaqi"
"klu","开鲁","KLC","kailu"
"kly","克拉玛依","KHR","kelamayi"
"kqi","口前","KQL","kouqian"
"ksh","昆山","KSH","kunshan"
"ksh","奎山","KAB","kuishan"
"ksh","克山","KSB","keshan"
"kto","开通","KTT","kaitong"
"kxl","康熙岭","KXZ","kangxiling"
"kya","昆阳","KAM","kunyang"
"kyh","克一河","KHX","keyihe"
"kyx","开原西","KXT","kaiyuanxi"
"kzh","康庄","KZP","kangzhuang"
"lbi","来宾","UBZ","laibin"
"lbi","老边","LLT","laobian"
"lbx","灵宝西","LPF","lingbaoxi"
"lch","龙川","LUQ","longchuan"
"lch","乐昌","LCQ","lechang"
"lch","黎城","UCP","licheng"
"lch","聊城","UCK","liaocheng"
"lcu","蓝村","LCK","lancun"
"lda","两当","LDY","liangdang"
"ldo","林东","LRC","lindong"
"ldu","乐都","LDO","ledu"
"ldx","梁底下","LDP","liangdixia"
"ldz","六道河子","LVP","liudaohezi"
"lfa","鲁番","LVM","lufan"
"lfa","廊坊","LJP","langfang"
"lfa","落垡","LOP","luofa"
"lfb","廊坊北","LFP","langfangbei"
"lfu","老府","UFD","laofu"
"lga","兰岗","LNB","langang"
"lgd","龙骨甸","LGM","longgudian"
"lgo","芦沟","LOM","lugou"
"lgo","龙沟","LGJ","longgou"
"lgu","拉古","LGB","lagu"
"lha","临海","UFH","linhai"
"lha","林海","LXX","linhai"
"lha","拉哈","LHX","laha"
"lha","凌海","JID","linghai"
"lhe","柳河","LNL","liuhe"
"lhe","六合","KLH","liuhe"
"lhu","龙华","LHP","longhua"
"lhy","滦河沿","UNP","luanheyan"
"lhz","六合镇","LEX","liuhezhen"
"ljd","亮甲店","LRT","liangjiadian"
"ljd","刘家店","UDT","liujiadian"
"ljh","刘家河","LVT","liujiahe"
"lji","连江","LKS","lianjiang"
"lji","庐江","UJH","lujiang"
"lji","李家","LJB","lijia"
"lji","罗江","LJW","luojiang"
"lji","廉江","LJZ","lianjiang"
"lji","两家","UJT","liangjia"
"lji","龙江","LJX","longjiang"
"lji","龙嘉","UJL","longjia"
"ljk","莲江口","LHB","lianjiangkou"
"ljl","蔺家楼","ULK","linjialou"
"ljp","李家坪","LIJ","lijiaping"
"lka","兰考","LKF","lankao"
"lko","林口","LKB","linkou"
"lkp","路口铺","LKQ","lukoupu"
"lla","老莱","LAX","laolai"
"lli","拉林","LAB","lalin"
"lli","陆良","LRM","luliang"
"lli","龙里","LLW","longli"
"lli","临澧","LWQ","linli"
"lli","兰棱","LLB","lanling"
"lli","零陵","UWZ","lingling"
"llo","卢龙","UAP","lulong"
"lmd","喇嘛甸","LMX","lamadian"
"bjb","北京北","VAP","beijingbei"
"bji","北京","BJP","beijing"
"bjx","北京西","BXP","beijingxi"
"cqb","重庆北","CUW","chongqingbei"
"cqn","重庆南","CRW","chongqingnan"
"gzd","广州东","GGQ","guangzhoudong"
"shn","上海南","SNH","shanghainan"
"shx","上海西","SXH","shanghaixi"
"tji","天津","TJP","tianjin"
"tjx","天津西","TXP","tianjinxi"
"ccn","长春南","CET","changchunnan"
"cdd","成都东","ICW","chengdudong"
"cdu","成都","CDW","chengdu"
"csn","长沙南","CWQ","changshanan"
"fzh","福州","FZS","fuzhou"
"gya","贵阳","GIW","guiyang"
"gzh","广州","GZQ","guangzhou"
"heb","哈尔滨","HBB","haerbin"
"hex","哈尔滨西","VAB","haerbinxi"
"hfx","合肥西","HTH","hefeixi"
"hht","呼和浩特","HHC","huhehaote"
"hkd","海口东","HMQ","haikoudong"
"hzd","杭州东","HGH","hangzhoudong"
"hzn","杭州南","XHH","hangzhounan"
"jnx","济南西","JGK","jinanxi"
"kmx","昆明西","KXM","kunmingxi"
"lzd","兰州东","LVJ","lanzhoudong"
"lzx","兰州西","LAJ","lanzhouxi"
"nji","南京","NJH","nanjing"
"nni","南宁","NNZ","nanning"
"sjz","石家庄","SJP","shijiazhuang"
"syb","沈阳北","SBT","shenyangbei"
"syn","沈阳南","SOT","shenyangnan"
"tyd","太原东","TDV","taiyuandong"
"wha","武汉","WHN","wuhan"
"wln","乌鲁木齐南","WMR","wulumuqinan"
"xan","西安","XAY","xian"
"xni","西宁","XNO","xining"
"zzh","郑州","ZZF","zhengzhou"
"aka","安康","AKY","ankang"
"alh","阿里河","AHX","alihe"
"api","安平","APT","anping"
"ash","安顺","ASW","anshun"
"ash","鞍山","AST","anshan"
"ban","北安","BAB","beian"
"bch","白城","BCT","baicheng"
"bhe","白河","BEL","baihe"
"bji","宝鸡","BJY","baoji"
"bkt","博克图","BKX","boketu"
"bss","白山市","HJL","baishanshi"
"btd","包头东","BDC","baotoudong"
"bts","北屯市","BXR","beitunshi"
"byb","白云鄂博","BEC","baiyunebo"
"bzh","亳州","BZH","bozhou"
"cde","常德","VGQ","changde"
"cdi","长甸","CDT","changdian"
"cli","茶陵","CDG","chaling"
"cpi","昌平","CPP","changping"
"ctu","昌图","CTT","changtu"
"cxi","曹县","CXK","caoxian"
"cxt","陈相屯","CXT","chenxiangtun"
"czh","池州","IYH","chizhou"
"czh","常州","CZH","changzhou"
"czh","长治","CZF","changzhi"
"czu","崇左","CZZ","chongzuo"
"dch","大成","DCT","dacheng"
"dfh","东方红","DFB","dongfanghong"
"dhs","大虎山","DHD","dahushan"
"dhu","敦化","DHL","dunhua"
"djc","东京城","DJB","dongjingcheng"
"djy","都江堰","DDW","dujiangyan"
"dli","大理","DKM","dali"
"dna","定南","DNG","dingnan"
"dsh","东胜","DOC","dongsheng"
"dto","大同","DTV","datong"
"dys","大杨树","DUX","dayangshu"
"dzh","邓州","DOF","dengzhou"
"dzh","德州","DZP","dezhou"
"eli","二连","RLC","erlian"
"fdi","福鼎","FES","fuding"
"fld","风陵渡","FLV","fenglingdu"
"flj","富拉尔基","FRX","fulaerji"
"fsh","佛山","FSQ","foshan"
"fya","阜阳","FYH","fuyang"
"gha","广汉","GHW","guanghan"
"glb","桂林北","GBZ","guilinbei"
"gli","桂林","GLZ","guilin"
"gsh","广水","GSN","guangshui"
"gyu","广元","GYW","guangyuan"
"gzh","赣州","GZG","ganzhou"
"gzn","公主岭南","GBT","gongzhulingnan"
"hbe","淮北","HRH","huaibei"
"hbi","淮滨","HVN","huaibin"
"hch","潢川","KCN","huangchuan"
"hda","邯郸","HDP","handan"
"hga","鹤岗","HGB","hegang"
"hgu","红果","HEM","hongguo"
"hhu","怀化","HHQ","huaihua"
"hld","葫芦岛","HLD","huludao"
"hll","霍林郭勒","HWD","huolinguole"
"hma","侯马","HMV","houma"
"hna","淮南","HAH","huainan"
"hna","桦南","HNB","huanan"
"hqi","鹤庆","HQM","heqing"
"hro","怀柔","HRP","huairou"
"hsd","黄石东","OSN","huangshidong"
"hsh","黄山","HKH","huangshan"
"hsh","衡水","HSP","hengshui"
"hze","菏泽","HIK","heze"
"hzh","汉中","HOY","hanzhong"
"jan","吉安","VAG","jian"
"jbc","江边村","JBG","jiangbiancun"
"jcj","金城江","JJZ","jinchengjiang"
"jfe","嘉峰","JFF","jiafeng"
"jgs","井冈山","JGG","jinggangshan"
"jhn","金华南","RNH","jinhuanan"
"jji","九江","JJG","jiujiang"
"jme","荆门","JMN","jingmen"
"jni","济宁","JIK","jining"
"jqu","酒泉","JQJ","jiuquan"
"jsh","吉首","JIQ","jishou"
"jta","九台","JTL","jiutai"
"jxi","鸡西","JXB","jixi"
"jyg","嘉峪关","JGJ","jiayuguan"
"jzh","锦州","JZD","jinzhou"
"jzh","蓟州","JKP","jizhou"
"kfe","开封","KFF","kaifeng"
"kli","凯里","KLW","kaili"
"ksn","昆山南","KNH","kunshannan"
"kyu","开原","KYT","kaiyuan"
"lba","灵宝","LBF","lingbao"
"lch","隆昌","LCW","longchang"
"lch","利川","LCN","lichuan"
"lch","潞城","UTP","lucheng"
"ldi","娄底","LDQ","loudi"
"lgz","良各庄","LGP","lianggezhuang"
"lhe","漯河","LON","luohe"
"lhu","隆化","UHP","longhua"
"lji","临江","LQL","linjiang"
"lli","吕梁","LHV","lvliang"
"lln","柳林南","LKV","liulinnan"
"lps","六盘水","UMW","liupanshui"
"lsh","旅顺","LST","lvshun"
"lxi","陇西","LXJ","longxi"
"lxi","临西","UEP","linxi"
"lya","耒阳","LYQ","leiyang"
"lyd","连云港东","UKH","lianyungangdong"
"lyi","临沂","LVK","linyi"
"lyu","柳园","DHR","liuyuan"
"lyu","辽源","LYL","liaoyuan"
"lzh","柳州","LZZ","liuzhou"
"mch","麻城","MCN","macheng"
"mdj","牡丹江","MDB","mudanjiang"
"mgu","明光","MGH","mingguang"
"mhe","漠河","MVX","mohe"
"mmx","茂名西","MMZ","maomingxi"
"msj","马三家","MJT","masanjia"
"mya","绵阳","MYW","mianyang"
"mzl","满洲里","MLX","manzhouli"
"nbo","宁波","NGH","ningbo"
"nch","南充","NCW","nanchong"
"ndm","南大庙","NMP","nandamiao"
"nhe","讷河","NHX","nehe"
"nji","内江","NJW","neijiang"
"nto","南通","NUH","nantong"
"nzs","碾子山","NZX","nianzishan"
"pji","盘锦","PVD","panjin"
"pln","平凉南","POJ","pingliangnan"
"psh","坪石","PSQ","pingshi"
"pxi","凭祥","PXZ","pingxiang"
"pzh","攀枝花","PRW","panzhihua"
"qcs","青城山","QSW","qingchengshan"
"qhc","清河城","QYP","qinghecheng"
"qji","曲靖","QJM","qujing"
"qjz","前进镇","QEB","qianjinzhen"
"qth","七台河","QTB","qitaihe"
"qzd","泉州东","QRS","quanzhoudong"
"qzh","衢州","QEH","quzhou"
"rjg","汝箕沟","RQJ","rujigou"
"rzh","日照","RZK","rizhao"
"sfh","绥芬河","SFB","suifenhe"
"shg","山海关","SHD","shanhaiguan"
"sjf","三间房","SFX","sanjianfang"
"sla","舒兰","SLL","shulan"
"smn","神木南","OMY","shenmunan"
"sna","商南","ONY","shangnan"
"spi","四平","SPT","siping"
"sra","上饶","SRG","shangrao"
"sso","宿松","OAH","susong"
"swu","邵武","SWS","shaowu"
"sya","三亚","SEQ","sanya"
"sya","邵阳","SYQ","shaoyang"
"sys","双鸭山","SSB","shuangyashan"
"szh","苏州","SZH","suzhou"
"szh","宿州","OXH","suzhou"
"szh","朔州","SUV","shuozhou"
"tba","塘豹","TBQ","tangbao"
"tgu","潼关","TGY","tongguan"
"the","塔河","TXX","tahe"
"tla","泰来","TLX","tailai"
"tli","通辽","TLD","tongliao"
"tlz","陶赖昭","TPT","taolaizhao"
"tre","铜仁","RDQ","tongren"
"tsf","田师府","TFT","tianshifu"
"tsh","唐山","TSP","tangshan"
"tsh","天水","TSJ","tianshui"
"tys","太阳升","TQT","taiyangsheng"
"tzi","桐梓","TZW","tongzi"
"wch","五常","WCB","wuchang"
"wfd","瓦房店","WDT","wafangdian"
"whu","芜湖","WHH","wuhu"
"wjt","吴家屯","WJT","wujiatun"
"wlt","乌兰浩特","WWT","wulanhaote"
"wsh","威舍","WSM","weishe"
"wwe","武威","WUJ","wuwei"
"wxi","无锡","WXH","wuxi"
"wyl","乌伊岭","WPB","wuyiling"
"wyu","万源","WYY","wanyuan"
"wzh","梧州","WZZ","wuzhou"
"wzn","温州南","VRH","wenzhounan"
"xch","许昌","XCF","xuchang"
"xfa","香坊","XFB","xiangfang"
"xgu","兴国","EUG","xingguo"
"xhu","新会","EFQ","xinhui"
"xlt","锡林浩特","XTC","xilinhaote"
"xmb","厦门北","XKS","xiamenbei"
"xmq","厦门高崎","XBS","xiamengaoqi"
"xsh","秀山","ETW","xiushan"
"xwe","宣威","XWM","xuanwei"
"xya","信阳","XUN","xinyang"
"xya","襄阳","XFN","xiangyang"
"xyi","新沂","VIH","xinyi"
"xyu","新余","XUG","xinyu"
"yan","延安","YWY","yanan"
"ybn","亚布力南","YWB","yabulinan"
"ycd","宜昌东","HAN","yichangdong"
"ych","盐城","AFH","yancheng"
"ych","运城","YNV","yuncheng"
"yci","榆次","YCV","yuci"
"ycx","宜春西","YCG","yichunxi"
"lmd","里木店","LMB","limudian"
"lna","龙南","UNG","longnan"
"lpi","罗平","LPM","luoping"
"lps","六盘山","UPJ","liupanshan"
"lqi","临清","UQK","linqing"
"lsb","乐山北","UTW","leshanbei"
"lsd","冷水江东","UDQ","lengshuijiangdong"
"lsg","流水沟","USP","liushuigou"
"lsh","陵水","LIQ","lingshui"
"lsh","鲁山","LAF","lushan"
"lsh","灵石","LSV","lingshi"
"lsh","庐山","LSG","lushan"
"lst","柳树屯","LSD","liushutun"
"lsz","梨树镇","LSB","lishuzhen"
"lta","黎塘","LTZ","litang"
"lta","芦台","LTP","lutai"
"ltu","濑湍","LVZ","laituan"
"lwa","李旺","VLJ","liwang"
"lws","狼尾山","LRJ","langweishan"
"lwx","莱芜西","UXK","laiwuxi"
"lxi","陇县","LXY","longxian"
"lxi","芦溪","LUG","luxi"
"lxi","林西","LXC","linxi"
"lya","略阳","LYY","lueyang"
"lya","辽阳","LYT","liaoyang"
"lyd","凌源东","LDD","lingyuandong"
"lyi","临颍","LNF","linying"
"lyo","龙游","LMH","longyou"
"lyu","林源","LYX","linyuan"
"lyu","涞源","LYP","laiyuan"
"lze","临泽","LEJ","linze"
"lzh","雷州","UAQ","leizhou"
"lzh","鹿寨","LIZ","luzhai"
"lzh","龙镇","LZA","longzhen"
"lzq","兰州新区","LQJ","lanzhouxinqu"
"mba","毛坝","MBY","maoba"
"mcb","麻城北","MBN","machengbei"
"mch","明城","MCL","mingcheng"
"mcn","渑池南","MNF","mianchinan"
"mdh","猛洞河","MUQ","mengdonghe"
"mdu","弥渡","MDF","midu"
"mga","明港","MGN","minggang"
"mhu","马皇","MHZ","mahuang"
"mla","美兰","MHQ","meilan"
"mlh","马莲河","MHB","malianhe"
"mli","庙岭","MLL","miaoling"
"mli","穆棱","MLB","muling"
"mlo","马龙","MGM","malong"
"mlu","汨罗","MLQ","miluo"
"mni","冕宁","UGW","mianning"
"mqh","马桥河","MQB","maqiaohe"
"mqu","民权","MQF","minquan"
"msh","麻山","MAB","mashan"
"msw","漫水湾","MKW","manshuiwan"
"msz","米沙子","MST","mishazi"
"mxi","勉县","MVY","mianxian"
"myb","密云北","MUP","miyunbei"
"myu","麦园","MYS","maiyuan"
"mzh","庙庄","MZJ","miaozhuang"
"mzh","明珠","MFQ","mingzhu"
"nan","农安","NAT","nongan"
"nch","南仇","NCK","nanqiu"
"ncu","宁村","NCZ","ningcun"
"ngc","南观村","NGP","nanguancun"
"ngl","南关岭","NLT","nanguanling"
"nha","宁海","NHH","ninghai"
"nhc","南河川","NHJ","nanhechuan"
"nji","宁家","NVT","ningjia"
"nji","牛家","NJB","niujia"
"nko","南口","NKP","nankou"
"nla","南朗","NNQ","nanlang"
"nlk","尼勒克","NIR","nileke"
"nlx","宁陵县","NLF","ninglingxian"
"nmi","宁明","NMZ","ningming"
"npn","南平南","NNS","nanpingnan"
"nqi","南桥","NQD","nanqiao"
"nqu","暖泉","NQJ","nuanquan"
"nto","南头","NOQ","nantou"
"nwz","南湾子","NWP","nanwanzi"
"nxi","宁乡","NXQ","ningxiang"
"nxt","牛心台","NXT","niuxintai"
"nzg","娘子关","NIP","niangziguan"
"nzm","南杂木","NZT","nanzamu"
"pan","平安","PAL","pingan"
"paz","磐安镇","PAJ","pananzhen"
"pcd","蒲城东","PEY","puchengdong"
"pde","裴德","PDB","peide"
"pdx","平顶山西","BFF","pingdingshanxi"
"pet","瓢儿屯","PRT","piaoertun"
"pga","平岗","PGL","pinggang"
"pgu","盘关","PAM","panguan"
"phb","徘徊北","PHP","paihuaibei"
"phu","平湖","PHQ","pinghu"
"pjd","潘家店","PDP","panjiadian"
"pld","普兰店","PLT","pulandian"
"psh","平山","PSB","pingshan"
"psh","皮山","PSR","pishan"
"psh","平社","PSV","pingshe"
"pta","平台","PVT","pingtai"
"pti","莆田","PTS","putian"
"pwa","普湾","PWT","puwan"
"pxg","平型关","PGV","pingxingguan"
"pxi","郫县","PWW","pixian"
"pya","彭阳","PYJ","pengyang"
"pyi","平邑","PIK","pingyi"
"pyu","平原","PYK","pingyuan"
"pze","彭泽","PZG","pengze"
"pzh","平庄","PZD","pingzhuang"
"pzn","平庄南","PND","pingzhuangnan"
"qan","乾安","QOT","qianan"
"qan","迁安","QQP","qianan"
"qdi","七甸","QDM","qidian"
"qfe","庆丰","QFT","qingfeng"
"qfu","曲阜","QFK","qufu"
"qhd","秦皇岛","QTP","qinhuangdao"
"qhe","千河","QUY","qianhe"
"qhm","清河门","QHD","qinghemen"
"qji","全椒","INH","quanjiao"
"qji","潜江","QJN","qianjiang"
"qji","綦江","QJW","qijiang"
"qjx","清涧县","QNY","qingjianxian"
"qlh","七里河","QLD","qilihe"
"qli","渠黎","QLZ","quli"
"qls","青龙山","QGH","qinglongshan"
"qmt","前磨头","QMP","qianmotou"
"qsh","确山","QSN","queshan"
"qsh","清水","QUJ","qingshui"
"qti","青田","QVH","qingtian"
"qtx","青铜峡","QTJ","qingtongxia"
"qwt","前苇塘","QWP","qianweitang"
"qxi","祁县","QXV","qixian"
"qxi","桥西","QXJ","qiaoxi"
"qxy","旗下营","QXC","qixiaying"
"qya","沁阳","QYF","qinyang"
"qyb","祁阳北","QVQ","qiyangbei"
"qys","庆阳山","QSJ","qingyangshan"
"qyu","清原","QYT","qingyuan"
"qzh","钦州","QRZ","qinzhou"
"ran","瑞安","RAH","ruian"
"rch","荣昌","RCW","rongchang"
"rga","如皋","RBH","rugao"
"rqi","任丘","RQP","renqiu"
"rsh","融水","RSZ","rongshui"
"rxi","容县","RXZ","rongxian"
"rya","汝阳","RYF","ruyang"
"rzh","汝州","ROF","ruzhou"
"sbc","上板城","SBP","shangbancheng"
"sbn","上板城南","OBP","shangbanchengnan"
"scb","双城北","SBB","shuangchengbei"
"sch","商城","SWN","shangcheng"
"sch","顺昌","SCS","shunchang"
"sch","沙城","SCP","shacheng"
"scz","山城镇","SCL","shanchengzhen"
"sde","顺德","ORQ","shunde"
"sdo","水洞","SIL","shuidong"
"sdu","十渡","SEP","shidu"
"sdy","顺德学院","OJQ","shundexueyuan"
"sfe","双丰","OFB","shuangfeng"
"sfu","水富","OTW","shuifu"
"sgl","桑根达来","OGC","sanggendalai"
"sgz","上高镇","SVK","shanggaozhen"
"sha","上杭","JBS","shanghang"
"she","蜀河","SHY","shuhe"
"she","沙河","SHP","shahe"
"shl","赛汗塔拉","SHC","saihantala"
"shs","沙后所","SSD","shahousuo"
"shx","三河县","OXP","sanhexian"
"shz","三汇镇","OZW","sanhuizhen"
"shz","石河子","SZR","shihezi"
"sjd","三家店","ODP","sanjiadian"
"sjh","沈家河","OJJ","shenjiahe"
"sji","尚家","SJB","shangjia"
"sji","沈家","OJB","shenjia"
"sji","松江","SAH","songjiang"
"sjl","司家岭","OLK","sijialing"
"sjn","石景山南","SRP","shijingshannan"
"sjx","三江县","SOZ","sanjiangxian"
"sjz","十家子","SJD","shijiazi"
"sjz","松江镇","OZL","songjiangzhen"
"sjz","深井子","SWT","shenjingzi"
"sld","什里店","OMP","shilidian"
"slh","疏勒河","SHJ","shulehe"
"sli","石磷","SPB","shilin"
"sli","双辽","ZJD","shuangliao"
"sli","石岭","SOL","shiling"
"slo","石龙","SLQ","shilong"
"slu","索伦","SNT","suolun"
"slz","沙岭子","SLP","shalingzi"
"smb","石门县北","VFQ","shimenxianbei"
"smx","三门县","OQH","sanmenxian"
"smx","三门峡西","SXF","sanmenxiaxi"
"son","宋","SOB","song"
"spb","沙坪坝","CYW","shapingba"
"spi","遂平","SON","suiping"
"sqi","沙桥","SQM","shaqiao"
"squ","水泉","SID","shuiquan"
"sqz","石桥子","SQT","shiqiaozi"
"sre","石人","SRL","shiren"
"ssh","神树","SWB","shenshu"
"ssh","三水","SJQ","sanshui"
"ssh","石山","SAD","shishan"
"ssh","首山","SAT","shoushan"
"ssp","三十里堡","SST","sanshilipu"
"sta","松桃","MZQ","songtao"
"stj","三堂集","SDH","santangji"
"sto","神头","SEV","shentou"
"swa","上万","SWP","shangwan"
"swx","沙湾县","SXR","shawanxian"
"sxi","遂溪","SXZ","suixi"
"sxi","绍兴","SOH","shaoxing"
"sxp","上西铺","SXM","shangxipu"
"sya","沭阳","FMH","shuyang"
"sya","寿阳","SYV","shouyang"
"syc","三阳川","SYJ","sanyangchuan"
"syi","三营","OEJ","sanying"
"syj","三义井","OYD","sanyijing"
"syu","上虞","BDH","shangyu"
"syu","上园","SUD","shangyuan"
"syz","桑园子","SAJ","sangyuanzi"
"szb","苏州北","OHH","suzhoubei"
"szd","深圳东","BJQ","shenzhendong"
"szh","孙镇","OZY","sunzhen"
"szh","尚志","SZB","shangzhi"
"szi","松滋","SIN","songzi"
"szq","苏州园区","KAH","suzhouyuanqu"
"tan","泰安","TMK","taian"
"tay","通安驿","TAJ","tonganyi"
"tbe","通北","TBB","tongbei"
"tch","汤池","TCX","tangchi"
"tch","铁厂","TCL","tiechang"
"tda","通道","TRQ","tongdao"
"tga","天岗","TGL","tiangang"
"tgo","通沟","TOL","tonggou"
"tha","塔哈","THX","taha"
"the","唐河","THF","tanghe"
"thu","太湖","TKH","taihu"
"tjj","谭家井","TNJ","tanjiajing"
"tjw","唐家湾","PDQ","tangjiawan"
"lme","洛门","LMJ","luomen"
"lpi","梁平","UQW","liangping"
"lpl","落坡岭","LPP","luopoling"
"lps","乐平市","LPG","lepingshi"
"lqs","龙泉寺","UQJ","longquansi"
"lsc","乐善村","LUM","leshancun"
"lsg","连山关","LGT","lianshanguan"
"lsh","丽水","USH","lishui"
"lsh","罗山","LRN","luoshan"
"lsh","梁山","LMK","liangshan"
"lsh","露水河","LUL","lushuihe"
"lsp","林盛堡","LBT","linshengpu"
"lsz","龙山镇","LAS","longshanzhen"
"lsz","李石寨","LET","lishizhai"
"lta","轮台","LAR","luntai"
"ltb","龙塘坝","LBM","longtangba"
"ltx","骆驼巷","LTJ","luotuoxiang"
"lwd","莱芜东","LWK","laiwudong"
"lwu","灵武","LNJ","lingwu"
"lxi","朗乡","LXB","langxiang"
"lxi","临湘","LXQ","linxiang"
"lxi","莱西","LXK","laixi"
"lxi","滦县","UXP","luanxian"
"lya","莱阳","LYK","laiyang"
"lyb","临沂北","UYK","linyibei"
"lyg","连云港","UIH","lianyungang"
"lyi","老营","LXL","laoying"
"lyu","罗源","LVS","luoyuan"
"lyu","涟源","LAQ","lianyuan"
"lyx","耒阳西","LPQ","leiyangxi"
"lzg","龙爪沟","LZT","longzhuagou"
"lzh","六枝","LIW","liuzhi"
"lzh","来舟","LZS","laizhou"
"lzh","拉鲊","LEM","lazha"
"mas","马鞍山","MAH","maanshan"
"mbg","毛坝关","MGY","maobaguan"
"mch","渑池","MCF","mianchi"
"mch","庙城","MAP","miaocheng"
"mcp","茅草坪","KPM","maocaoping"
"mds","磨刀石","MOB","modaoshi"
"mes","帽儿山","MRB","maoershan"
"mhk","梅河口","MHL","meihekou"
"mjg","孟家岗","MGB","mengjiagang"
"mld","汨罗东","MQQ","miluodong"
"mli","茅岭","MLZ","maoling"
"mli","茂林","MLD","maolin"
"mli","马林","MID","malin"
"mlt","木里图","MUD","mulitu"
"mnh","玛纳斯湖","MNR","manasihu"
"mpa","沐滂","MPQ","mupang"
"mqi","闽清","MQS","minqing"
"msh","明水河","MUT","mingshuihe"
"msh","眉山","MSW","meishan"
"msz","茂舍祖","MOM","maoshezu"
"mxi","美溪","MEB","meixi"
"mya","麻阳","MVQ","mayang"
"myi","米易","MMW","miyi"
"myu","墨玉","MUR","moyu"
"mzh","米脂","MEY","mizhi"
"nan","宁安","NAB","ningan"
"nbs","南博山","NBK","nanboshan"
"ncs","南城司","NSP","nanchengsi"
"nde","宁德","NES","ningde"
"ngd","南宫东","NFP","nangongdong"
"ngu","宁国","NNH","ningguo"
"nhb","南华北","NHS","nanhuabei"
"nhz","泥河子","NHD","nihezi"
"nji","南靖","NJS","nanjing"
"nji","能家","NJD","nengjia"
"nkq","南口前","NKT","nankouqian"
"nli","乃林","NLD","nailin"
"nlu","那罗","ULZ","naluo"
"nma","奈曼","NMD","naiman"
"nmu","南木","NMX","nanmu"
"npu","那铺","NPZ","napu"
"nqu","那曲","NQO","naqu"
"nta","南台","NTT","nantai"
"nwu","宁武","NWV","ningwu"
"nxb","南翔北","NEH","nanxiangbei"
"nxi","内乡","NXF","neixiang"
"nyu","南峪","NUP","nanyu"
"nzh","南召","NAF","nanzhao"
"pan","蓬安","PAW","pengan"
"pay","平安驿","PNO","pinganyi"
"paz","平安镇","PZT","pinganzhen"
"pch","蒲城","PCY","pucheng"
"pdi","偏店","PRP","piandian"
"pdx","坡底下","PXJ","podixia"
"pfa","平房","PFB","pingfang"
"pgu","平关","PGM","pingguan"
"pgu","平果","PGZ","pingguo"
"phk","平河口","PHM","pinghekou"
"pjb","盘锦北","PBD","panjinbei"
"pkn","皮口南","PKT","pikounan"
"pli","偏岭","PNT","pianling"
"psh","彭山","PSW","pengshan"
"psh","磐石","PSL","panshi"
"psh","彭水","PHW","pengshui"
"pti","平田","PTM","pingtian"
"ptq","葡萄菁","PTW","putaojing"
"pwa","平旺","PWV","pingwang"
"pxi","普雄","POW","puxiong"
"pya","平洋","PYX","pingyang"
"pya","平遥","PYV","pingyao"
"pyp","平原堡","PPJ","pingyuanpu"
"pyu","平峪","PYP","pingyu"
"pzh","邳州","PJH","pizhou"
"pzi","泡子","POD","paozi"
"qan","庆安","QAB","qingan"
"qdb","祁东北","QRQ","qidongbei"
"qfd","曲阜东","QAK","qufudong"
"qft","奇峰塔","QVP","qifengta"
"qha","琼海","QYQ","qionghai"
"qhe","清河","QIP","qinghe"
"qhy","清华园","QHP","qinghuayuan"
"qji","渠旧","QJZ","qujiu"
"qji","秦家","QJB","qinjia"
"qjp","祁家堡","QBT","qijiapu"
"qjz","秦家庄","QZV","qinjiazhuang"
"qli","秦岭","QLY","qinling"
"qlo","青龙","QIB","qinglong"
"qme","祁门","QIH","qimen"
"qsh","青山","QSB","qingshan"
"qsh","前山","QXQ","qianshan"
"qsy","戚墅堰","QYH","qishuyan"
"qto","桥头","QAT","qiaotou"
"qwe","前卫","QWD","qianwei"
"qxi","渠县","QRW","quxian"
"qxi","青县","QXP","qingxian"
"qxu","清徐","QUV","qingxu"
"qya","千阳","QOY","qianyang"
"qya","泉阳","QYL","quanyang"
"qyi","七营","QYJ","qiying"
"qyu","清远","QBQ","qingyuan"
"qzd","钦州东","QDZ","qinzhoudong"
"qzs","青州市","QZK","qingzhoushi"
"rch","瑞昌","RCG","ruichang"
"rgu","容桂","RUQ","ronggui"
"rsh","乳山","ROK","rushan"
"rsh","热水","RSD","reshui"
"rya","饶阳","RVP","raoyang"
"ryh","绕阳河","RHD","raoyanghe"
"sba","石坝","OBJ","shiba"
"sbi","施秉","AQW","shibing"
"sby","世博园","ZWT","shiboyuan"
"sch","舒城","OCH","shucheng"
"sch","莎车","SCR","shache"
"sch","神池","SMV","shenchi"
"sch","石城","SCT","shicheng"
"sda","山丹","SDJ","shandan"
"sde","绥德","ODY","suide"
"sdu","商都","SXC","shangdu"
"sdw","四道湾","OUD","sidaowan"
"sfa","绅坊","OLH","shenfang"
"sft","四方台","STB","sifangtai"
"sgk","三关口","OKJ","sanguankou"
"sgu","韶关","SNQ","shaoguan"
"sha","沙海","SED","shahai"
"she","松河","SBM","songhe"
"shk","沙河口","SKT","shahekou"
"shs","沙河市","VOP","shaheshi"
"sht","山河屯","SHL","shanhetun"
"shy","四合永","OHD","siheyong"
"shz","双河镇","SEL","shuanghezhen"
"shz","三合庄","SVP","sanhezhuang"
"sjh","水家湖","SQH","shuijiahu"
"sjh","松江河","SJL","songjianghe"
"sji","孙家","SUB","sunjia"
"sji","双吉","SML","shuangji"
"sjk","三江口","SKD","sanjiangkou"
"sjn","松江南","IMH","songjiangnan"
"sjt","邵家堂","SJJ","shaojiatang"
"sjz","三家寨","SMM","sanjiazhai"
"sjz","施家嘴","SHM","shijiazui"
"sle","疏勒","SUR","shule"
"slh","舍力虎","VLD","shelihu"
"sli","石林","SLM","shilin"
"sli","绥棱","SIB","suiling"
"sln","石林南","LNM","shilinnan"
"slq","萨拉齐","SLC","salaqi"
"slu","商洛","OLY","shangluo"
"smn","三门峡南","SCF","sanmenxianan"
"smx","石门县","OMQ","shimenxian"
"sni","肃宁","SYP","suning"
"spa","双牌","SBZ","shuangpai"
"spd","四平东","PPT","sipingdong"
"spt","沙坡头","SFJ","shapotou"
"sqn","商丘南","SPF","shangqiunan"
"sqx","石泉县","SXY","shiquanxian"
"src","石人城","SRB","shirencheng"
"ssh","山市","SQB","shanshi"
"ssh","鄯善","SSR","shanshan"
"ssh","泗水","OSK","sishui"
"ssh","松树","SFT","songshu"
"ssj","三十家","SRD","sanshijia"
"ssz","松树镇","SSL","songshuzhen"
"sth","索图罕","SHX","suotuhan"
"sto","石头","OTB","shitou"
"stu","沙沱","SFM","shatuo"
"swu","孙吴","SKB","sunwu"
"sxi","歙县","OVH","shexian"
"sxi","沙县","SAS","shaxian"
"sxi","石岘","SXL","shixian"
"sxz","石峡子","SXJ","shixiazi"
"sya","绥阳","SYB","suiyang"
"sya","水洋","OYP","shuiyang"
"syd","上腰墩","SPJ","shangyaodun"
"syi","顺义","SOP","shunyi"
"syp","三源浦","SYL","sanyuanpu"
"syu","三原","SAY","sanyuan"
"syu","水源","OYJ","shuiyuan"
"szb","绥中北","SND","suizhongbei"
"szd","宿州东","SRH","suzhoudong"
"szh","深州","OZP","shenzhou"
"szh","绥中","SZD","suizhong"
"szh","师庄","SNM","shizhuang"
"szo","师宗","SEM","shizong"
"szq","苏州新区","ITH","suzhouxinqu"
"tan","台安","TID","taian"
"tba","桐柏","TBF","tongbai"
"tch","桐城","TTH","tongcheng"
"tch","郯城","TZK","tancheng"
"tcu","桃村","TCK","taocun"
"tdo","田东","TDZ","tiandong"
"tgl","土贵乌拉","TGC","tuguiwula"
"tgu","太谷","TGV","taigu"
"tha","棠海","THM","tanghai"
"the","泰和","THG","taihe"
"tji","团结","TIX","tuanjie"
"tjt","陶家屯","TOT","taojiatun"
"tjz","统军庄","TZP","tongjunzhuang"
"tld","吐列毛杜","TMD","tuliemaodu"
"wns","五女山","WET","wunvshan"
"wsh","武胜","WSE","wusheng"
"wto","五通","WTZ","wutong"
"wwe","无为","IIH","wuwei"
"wws","瓦屋山","WAH","wawushan"
"wxx","闻喜西","WOV","wenxixi"
"wyb","武义北","WDH","wuyibei"
"wyb","武夷山北","WBS","wuyishanbei"
"wyd","武夷山东","WCS","wuyishandong"
"wyu","婺源","WYG","wuyuan"
"wzb","万州北","WZE","wanzhoubei"
"wzn","梧州南","WBZ","wuzhounan"
"xcd","许昌东","XVF","xuchangdong"
"xdd","新都东","EWW","xindudong"
"xfe","先锋","NQQ","xianfeng"
"xfx","襄汾西","XTV","xiangfenxi"
"xgd","孝感东","GDN","xiaogandong"
"xhn","新化南","EJQ","xinhuanan"
"xji","新津","IRW","xinjin"
"xjn","辛集南","IJP","xinjinan"
"xnd","咸宁东","XKN","xianningdong"
"xpn","溆浦南","EMQ","xupunan"
"xtb","湘潭北","EDQ","xiangtanbei"
"xwq","西乌旗","XWC","xiwuqi"
"xwx","修文县","XWE","xiuwenxian"
"xxd","新乡东","EGF","xinxiangdong"
"xyc","西阳村","XQF","xiyangcun"
"xyd","咸阳秦都","XOY","xianyangqindu"
"xzc","新郑机场","EZF","xinzhengjichang"
"ybl","迎宾路","YFW","yingbinlu"
"ycb","运城北","ABV","yunchengbei"
"ycd","禹城东","YSK","yuchengdong"
"ych","岳池","AWW","yuechi"
"ydu","姚渡","AOJ","yaodu"
"yfn","永福南","YBZ","yongfunan"
"yhe","洋河","GTH","yanghe"
"yji","弋江","RVH","yijiang"
"yjx","延吉西","YXL","yanjixi"
"ylh","运粮河","YEF","yunlianghe"
"yln","杨陵南","YEY","yanglingnan"
"yna","郁南","YKQ","yunan"
"ysh","永寿","ASY","yongshou"
"ysh","云山","KZQ","yunshan"
"ysn","玉山南","YGG","yushannan"
"yta","银滩","CTQ","yintan"
"ytn","烟台南","YLK","yantainan"
"ytx","烟台西","YTK","yantaixi"
"yxi","云霄","YBS","yunxiao"
"yxi","玉溪","AXM","yuxi"
"yxi","应县","YZV","yingxian"
"yxx","洋县西","YXY","yangxianxi"
"yzh","榆中","IZJ","yuzhong"
"zdc","正定机场","ZHP","zhengdingjichang"
"zge","准格尔","ZEC","zhungeer"
"zhu","昭化","ZHW","zhaohua"
"zjc","张家川","ZIJ","zhangjiachuan"
"zji","织金","IZW","zhijin"
"zko","曾口","ZKE","zengkou"
"zmd","樟木头东","ZRQ","zhangmutoudong"
"zpu","漳浦","ZCS","zhangpu"
"zqi","庄桥","ZQH","zhuangqiao"
"zsx","钟山西","ZAZ","zhongshanxi"
"zyb","资阳北","FYW","ziyangbei"
"zyn","遵义南","ZNE","zunyinan"
"zzb","资中北","WZW","zizhongbei"
"zzd","枣庄东","ZNK","zaozhuangdong"
"zzd","郑州东","ZAF","zhengzhoudong"
"jsw","金山卫","BGH","jinshanwei"
"tsn","唐山南","TKP","tangshannan"
"gy","古冶","GYP","guye"
"nsb","南山北","NEQ","nanshanbei"
"wyu","渭源","WEJ","weiyuan"
"wzh","武陟","WIF","wuzhi"
"xab","兴安北","XDZ","xinganbei"
"xch","项城","ERN","xiangcheng"
"xfe","西丰","XFT","xifeng"
"xfl","湘府路","FVQ","xiangfulu"
"xgb","孝感北","XJN","xiaoganbei"
"xhd","西湖东","WDQ","xihudong"
"xhx","新晃西","EWQ","xinhuangxi"
"xjk","小金口","NKQ","xiaojinkou"
"xjn","新津南","ITW","xinjinnan"
"xnn","咸宁南","UNN","xianningnan"
"xpx","西平西","EGQ","xipingxi"
"xtd","邢台东","EDP","xingtaidong"
"xwx","修武西","EXF","xiuwuxi"
"xxb","萧县北","QSH","xiaoxianbei"
"xyb","新余北","XBG","xinyubei"
"xyd","信阳东","OYN","xinyangdong"
"xyo","仙游","XWS","xianyou"
"xzl","香樟路","FNQ","xiangzhanglu"
"ycb","永城北","RGH","yongchengbei"
"ycd","永川东","WMW","yongchuandong"
"ych","宜春","YEG","yichun"
"ydh","云东海","NAQ","yundonghai"
"yfd","云浮东","IXQ","yunfudong"
"yge","雨格","VTM","yuge"
"yjb","永济北","AJV","yongjibei"
"yjp","于家堡","YKP","yujiapu"
"ykn","永康南","QUH","yongkangnan"
"yli","炎陵","YAG","yanling"
"ymi","伊敏","YMX","yimin"
"ypi","银瓶","KPQ","yinping"
"ysh","阳朔","YCZ","yangshuo"
"yta","永泰","YTS","yongtai"
"ytb","鹰潭北","YKG","yingtanbei"
"yto","伊通","YTL","yitong"
"yxi","尤溪","YXS","youxi"
"yxi","宜兴","YUH","yixing"
"yxi","阳信","YVK","yangxin"
"yxn","攸县南","YXG","youxiannan"
"yyb","余姚北","CTH","yuyaobei"
"zan","诏安","ZDS","zhaoan"
"zfd","纸坊东","ZMN","zhifangdong"
"zhb","庄河北","ZUT","zhuanghebei"
"zjb","织金北","ZJE","zhijinbei"
"zji","芷江","ZPQ","zhijiang"
"zka","仲恺","KKQ","zhongkai"
"zli","左岭","ZSN","zuoling"
"zmx","驻马店西","ZLN","zhumadianxi"
"zqd","肇庆东","FCQ","zhaoqingdong"
"zsh","昭山","KWQ","zhaoshan"
"zxi","漳县","ZXJ","zhangxian"
"zyi","遵义","ZYE","zunyi"
"zyx","张掖西","ZEJ","zhangyexi"
"zzd","涿州东","ZAP","zhuozhoudong"
"zzd","卓资东","ZDC","zhuozidong"
"zzn","株洲南","KVQ","zhuzhounan"
"tli","铜陵","TJH","tongling"
"tli","亭亮","TIZ","tingliang"
"tlx","铁岭西","PXT","tielingxi"
"tme","天门","TMN","tianmen"
"tms","太姥山","TLS","taimushan"
"tmz","土门子","TCJ","tumenzi"
"tna","潼南","TVW","tongnan"
"tpc","太平川","TIT","taipingchuan"
"tpz","太平镇","TEB","taipingzhen"
"tqi","台前","TTK","taiqian"
"tqz","土桥子","TQJ","tuqiaozi"
"tsh","桃山","TAB","taoshan"
"ttu","通途","TUT","tongtu"
"txi","同心","TXJ","tongxin"
"txi","桐乡","TCH","tongxiang"
"tyi","天义","TND","tianyi"
"tyl","驼腰岭","TIL","tuoyaoling"
"tyu","汤原","TYB","tangyuan"
"tzd","滕州东","TEK","tengzhoudong"
"tzh","天祝","TZJ","tianzhu"
"tzh","天镇","TZV","tianzhen"
"tzs","天柱山","QWH","tianzhushan"
"wan","武安","WAP","wuan"
"wbu","吴堡","WUY","wubu"
"wcg","五叉沟","WCT","wuchagou"
"wch","温春","WDB","wenchun"
"wde","文登","WBK","wendeng"
"wdh","五道河","WHP","wudaohe"
"wdo","卫东","WVT","weidong"
"wdu","望都","WDP","wangdu"
"wfa","潍坊","WFK","weifang"
"wfu","王府","WUT","wangfu"
"wga","王岗","WGB","wanggang"
"wgo","湾沟","WGL","wangou"
"wha","乌海","WVC","wuhai"
"whu","卫辉","WHF","weihui"
"wji","五家","WUB","wujia"
"wji","威箐","WAM","weiqing"
"wji","渭津","WJL","weijin"
"wke","倭肯","WQB","woken"
"wlb","五龙背","WBT","wulongbei"
"wle","万乐","WEB","wanle"
"wli","温岭","VHH","wenling"
"wlq","乌拉特前旗","WQC","wulateqianqi"
"wlt","卧里屯","WLX","wolitun"
"wne","乌奴耳","WRX","wunuer"
"wni","万年","WWG","wannian"
"wnz","渭南镇","WNJ","weinanzhen"
"wqi","吴桥","WUP","wuqiao"
"wqi","武清","WWP","wuqing"
"wsh","文水","WEV","wenshui"
"wto","王瞳","WTP","wangtong"
"wtz","王团庄","WZJ","wangtuanzhuang"
"wxd","无锡东","WGH","wuxidong"
"wxi","闻喜","WXV","wenxi"
"wxq","无锡新区","IFH","wuxixinqu"
"wxu","吴圩","WYZ","wuxu"
"wyi","武义","RYH","wuyi"
"wyt","瓦窑田","WIM","wayaotian"
"wzg","苇子沟","WZL","weizigou"
"wzh","五寨","WZV","wuzhai"
"wzz","微子镇","WQP","weizizhen"
"xan","新安","EAM","xinan"
"xax","新安县","XAF","xinanxian"
"xbc","下板城","EBP","xiabancheng"
"xch","宣城","ECH","xuancheng"
"xcu","小村","XEM","xiaocun"
"xcz","下城子","XCB","xiachengzi"
"xde","喜德","EDW","xide"
"xdm","西大庙","XMP","xidamiao"
"xdo","小东","XOD","xiaodong"
"xfe","襄汾","XFV","xiangfen"
"xga","新干","EGG","xingan"
"xgc","西固城","XUJ","xigucheng"
"xgy","夏官营","XGJ","xiaguanying"
"xhe","襄河","XXB","xianghe"
"xhe","宣和","XWJ","xuanhe"
"xht","新华屯","XAX","xinhuatun"
"xhu","新化","EHQ","xinhua"
"xhx","兴和西","XEC","xinghexi"
"xhy","下花园","XYP","xiahuayuan"
"xji","徐家","XJB","xujia"
"xji","新绛","XJV","xinjiang"
"xji","新江","XJM","xinjiang"
"xjt","许家屯","XJT","xujiatun"
"xjz","谢家镇","XMT","xiejiazhen"
"xka","兴凯","EKB","xingkai"
"xla","香兰","XNB","xianglan"
"xle","新乐","ELP","xinle"
"xli","小岭","XLB","xiaoling"
"xli","西林","XYB","xilin"
"xli","仙林","XPH","xianlin"
"xlz","兴隆镇","XZB","xinglongzhen"
"xmi","新民","XMD","xinmin"
"xmt","下马塘","XAT","xiamatang"
"xnb","咸宁北","XRN","xianningbei"
"xni","咸宁","XNN","xianning"
"xpi","西平","XPN","xiping"
"xpt","新坪田","XPM","xinpingtian"
"xpu","溆浦","EPQ","xupu"
"xqi","新青","XQB","xinqing"
"xqp","兴泉堡","XQJ","xingquanbu"
"xsg","小寺沟","ESP","xiaosigou"
"xsh","浠水","XZN","xishui"
"xsh","徐水","XSP","xushui"
"xsh","小哨","XAM","xiaoshao"
"xst","杏树屯","XDT","xingshutun"
"xta","湘潭","XTQ","xiangtan"
"xtx","仙桃西","XAN","xiantaoxi"
"xwe","徐闻","XJQ","xuwen"
"xwu","修武","XWF","xiuwu"
"xxi","息县","ENN","xixian"
"xxi","湘乡","XXQ","xiangxiang"
"xxi","西峡","XIF","xixia"
"xxj","小新街","XXM","xiaoxinjie"
"xxz","西小召","XZC","xixiaozhao"
"xya","向阳","XDB","xiangyang"
"xyb","旬阳北","XBY","xunyangbei"
"xye","兴业","SNZ","xingye"
"xyi","信宜","EEQ","xinyi"
"xyq","小扬气","XYX","xiaoyangqi"
"xyx","夏邑县","EJH","xiayixian"
"xyy","新友谊","EYB","xinyouyi"
"xzd","徐州东","UUH","xuzhoudong"
"xzh","悬钟","XRP","xuanzhong"
"xzh","忻州","XXV","xinzhou"
"xzm","西哲里木","XRD","xizhelimu"
"yan","姚安","YAC","yaoan"
"yan","永安","YAS","yongan"
"ybl","亚布力","YBB","yabuli"
"yca","羊草","YAB","yangcao"
"ych","阳澄湖","AIH","yangchenghu"
"ych","叶城","YER","yecheng"
"ych","砚川","YYY","yanchuan"
"ych","宜城","YIN","yicheng"
"ych","禹城","YCK","yucheng"
"ych","阳城","YNF","yangcheng"
"ych","郓城","YPK","yuncheng"
"ycl","云彩岭","ACP","yuncailing"
"ycz","营城子","YCT","yingchengzi"
"yde","永登","YDJ","yongdeng"
"ydi","永定","YGS","yongding"
"ydu","于都","YDG","yudu"
"ydx","英德西","IIQ","yingdexi"
"yga","杨岗","YRB","yanggang"
"ygu","阳谷","YIK","yanggu"
"yha","余杭","EVH","yuhang"
"yhu","岩会","AEP","yanhui"
"yji","永嘉","URH","yongjia"
"yji","盐津","AEW","yanjin"
"yji","燕郊","AJP","yanjiao"
"yjj","岳家井","YGJ","yuejiajing"
"yjs","英吉沙","YIR","yingjisha"
"yjz","燕家庄","AZK","yanjiazhuang"
"ykd","营口东","YGT","yingkoudong"
"yla","永郎","YLW","yonglang"
"yld","永乐店","YDY","yongledian"
"yli","伊林","YLB","yilin"
"yli","彝良","ALW","yiliang"
"ylp","余粮堡","YLD","yuliangpu"
"ylt","月亮田","YUM","yueliangtian"
"ymb","阳明堡","YVV","yangmingbu"
"yme","云梦","YMN","yunmeng"
"yms","一面山","YST","yimianshan"
"yna","宜耐","YVM","yinai"
"yps","营盘水","YZJ","yingpanshui"
"yqb","阳泉北","YPP","yangquanbei"
"yqi","焉耆","YSR","yanqi"
"yqi","源迁","AQK","yuanqian"
"yqu","阳曲","YQV","yangqu"
"ysh","月山","YBF","yueshan"
"ysh","玉舍","AUM","yushe"
"ysh","沂水","YUK","yishui"
"ysh","颍上","YVH","yingshang"
"ysh","元氏","YSP","yuanshi"
"ysp","野三坡","AIP","yesanpo"
"yst","榆树台","YUT","yushutai"
"yta","源潭","YTQ","yuantan"
"yts","烟筒山","YSL","yantongshan"
"yws","羊尾哨","YWM","yangweishao"
"yxi","攸县","YOG","youxian"
"yxx","玉溪西","YXM","yuxixi"
"yya","余姚","YYH","yuyao"
"yyd","岳阳东","YIQ","yueyangdong"
"yyu","鸭园","YYL","yayuan"
"yzb","燕子砭","YZY","yanzibian"
"yzh","宜州","YSZ","yizhou"
"yzh","兖州","YZK","yanzhou"
"yzw","羊者窝","AEM","yangzhewo"
"zan","镇安","ZEY","zhenan"
"zba","招柏","ZBP","zhaobai"
"zcc","中川机场","ZJJ","zhongchuanjichang"
"zch","子长","ZHY","zichang"
"zch","邹城","ZIK","zoucheng"
"zda","章党","ZHT","zhangdang"
"zdo","肇东","ZDB","zhaodong"
"zgt","章古台","ZGD","zhanggutai"
"zhe","中和","ZHX","zhonghe"
"zjb","枝江北","ZIN","zhijiangbei"
"zjg","朱家沟","ZUB","zhujiagou"
"zji","周家","ZOB","zhoujia"
"zjn","镇江南","ZEH","zhenjiangnan"
"zjw","褚家湾","CWJ","zhujiawan"
"zjy","朱家窑","ZUJ","zhujiayao"
"zla","张兰","ZLV","zhanglan"
"zli","枣林","ZIV","zaolin"
"zlx","扎赉诺尔西","ZXX","zhalainuoerxi"
"zmu","中牟","ZGF","zhongmu"
"zni","中宁","VNJ","zhongning"
"zpi","镇平","ZPF","zhenping"
"zpu","泽普","ZPR","zepu"
"zqi","张桥","ZQY","zhangqiao"
"zrh","朱日和","ZRC","zhurihe"
"zsb","中山北","ZGQ","zhongshanbei"
"zsh","珠斯花","ZHD","zhusihua"
"zsh","柞水","ZSY","zhashui"
"zsh","樟树","ZSG","zhangshu"
"zwt","张维屯","ZWB","zhangweitun"
"zxi","棕溪","ZOY","zongxi"
"zxi","资溪","ZXS","zixi"
"zxi","张辛","ZIP","zhangxin"
"zya","紫阳","ZVY","ziyang"
"zyb","竹园坝","ZAW","zhuyuanba"
"zyu","镇远","ZUW","zhenyuan"
"zzh","漳州","ZUS","zhangzhou"
"zzh","子洲","ZZY","zizhou"
"zzh","涿州","ZXP","zhuozhou"
"zzs","卓资山","ZZC","zhuozishan"
"zzx","郑州西","XPF","zhengzhouxi"
"aeb","阿尔山北","ARX","aershanbei"
"are","安仁","ARG","anren"
"atx","安图西","AXL","antuxi"
"bba","博白","BBZ","bobai"
"bch","栟茶","FWH","bencha"
"bfs","八方山","FGQ","bafangshan"
"bha","滨海","FHP","binhai"
"bjn","宝鸡南","BBY","baojinan"
"bmj","白马井","BFQ","baimajing"
"bsh","璧山","FZW","bishan"
"bsx","白水县","BGY","baishuixian"
"bwd","白文东","BCV","baiwendong"
"tlh","图里河","TEX","tulihe"
"tli","田林","TFZ","tianlin"
"tli","铁力","TLB","tieli"
"tmb","图们北","QSL","tumenbei"
"tmn","天门南","TNN","tianmennan"
"tmt","土牧尔台","TRC","tumuertai"
"tna","洮南","TVT","taonan"
"tqi","图强","TQX","tuqiang"
"tql","天桥岭","TQL","tianqiaoling"
"tsc","汤山城","TCT","tangshancheng"
"tsz","塔石嘴","TIM","tashizui"
"twh","汤旺河","THB","tangwanghe"
"txi","土溪","TSW","tuxi"
"tya","田阳","TRZ","tianyang"
"tyi","汤阴","TYF","tangyin"
"tys","太阳山","TYJ","taiyangshan"
"tyy","塔崖驿","TYP","tayayi"
"tzh","台州","TZH","taizhou"
"tzh","滕州","TXK","tengzhou"
"tzl","桐子林","TEW","tongzilin"
"wan","文安","WBP","wenan"
"waz","王安镇","WVP","wanganzhen"
"wca","旺苍","WEW","wangcang"
"wch","文昌","WEQ","wenchang"
"wdc","五大连池","WRB","wudalianchi"
"wdg","五道沟","WDL","wudaogou"
"wdi","文地","WNZ","wendi"
"wds","武当山","WRN","wudangshan"
"weh","乌尔旗汗","WHX","wuerqihan"
"wft","万发屯","WFB","wanfatun"
"wfx","瓦房店西","WXT","wafangdianxi"
"wgo","武功","WGY","wugong"
"wgt","吴官田","WGM","wuguantian"
"whe","苇河","WHB","weihe"
"wjc","吴家川","WCJ","wujiachuan"
"wji","午汲","WJP","wuji"
"wjw","王家湾","WJJ","wangjiawan"
"wks","五棵树","WKT","wukeshu"
"wld","乌兰哈达","WLC","wulanhada"
"wlg","瓦拉干","WVX","walagan"
"wli","五莲","WLK","wulian"
"wls","乌拉山","WSC","wulashan"
"wnb","渭南北","WBY","weinanbei"
"wni","万宁","WNQ","wanning"
"wnn","渭南南","WVY","weinannan"
"wpi","沃皮","WPT","wopi"
"wqi","汪清","WQL","wangqing"
"wsh","武山","WSJ","wushan"
"wsz","魏善庄","WSP","weishanzhuang"
"wts","五台山","WSV","wutaishan"
"wwu","五五","WVR","wuwu"
"wxi","卫星","WVB","weixing"
"wxi","武乡","WVV","wuxiang"
"wxu","武穴","WXN","wuxue"
"wya","王杨","WYB","wangyang"
"wyi","五营","WWB","wuying"
"wyu","五原","WYC","wuyuan"
"wzh","韦庄","WZY","weizhuang"
"wzt","王兆屯","WZB","wangzhaotun"
"wzz","魏杖子","WKD","weizhangzi"
"xan","兴安","XAZ","xingan"
"xba","新保安","XAP","xinbaoan"
"xbl","西八里","XLP","xibali"
"xch","兴城","XCD","xingcheng"
"xcy","新绰源","XRX","xinchuoyuan"
"xcz","新城子","XCT","xinchengzi"
"xdj","小得江","EJM","xiaodejiang"
"xdo","小董","XEZ","xiaodong"
"xfe","信丰","EFG","xinfeng"
"xfe","息烽","XFW","xifeng"
"xga","孝感","XGN","xiaogan"
"xgu","西固","XIJ","xigu"
"xgz","西岗子","NBB","xigangzi"
"xhe","新和","XIR","xinhe"
"xhj","斜河涧","EEP","xiehejian"
"xhu","新华","XHB","xinhua"
"xhu","宣化","XHP","xuanhua"
"xhy","小河沿","XYD","xiaoheyan"
"xhz","小河镇","EKY","xiaohezhen"
"xji","峡江","EJG","xiajiang"
"xji","辛集","ENP","xinji"
"xjk","西街口","EKM","xijiekou"
"xjt","许家台","XTJ","xujiatai"
"xla","小榄","EAQ","xiaolan"
"xld","兴隆店","XDD","xinglongdian"
"xli","新林","XPX","xinlin"
"xli","新李","XLJ","xinli"
"xli","西柳","GCT","xiliu"
"xlt","新立屯","XLD","xinlitun"
"xlz","新立镇","XGT","xinlizhen"
"xms","西麻山","XMB","ximashan"
"xna","孝南","XNV","xiaonan"
"xni","兴宁","ENQ","xingning"
"xpd","犀浦东","XAW","xipudong"
"xpi","兴平","XPY","xingping"
"xpu","霞浦","XOS","xiapu"
"xpu","犀浦","XIW","xipu"
"xqi","新邱","XQD","xinqiu"
"xrq","仙人桥","XRL","xianrenqiao"
"xsh","杏树","XSB","xingshu"
"xsh","下社","XSV","xiashe"
"xsh","夏石","XIZ","xiashi"
"xsp","新松浦","XOB","xinsongpu"
"xsw","许三湾","XSJ","xusanwan"
"xta","邢台","XTP","xingtai"
"xtz","下台子","EIP","xiataizi"
"xwp","新窝铺","EPD","xinwopu"
"xxi","新县","XSN","xinxian"
"xxi","西乡","XQY","xixiang"
"xxi","孝西","XOV","xiaoxi"
"xxx","新兴县","XGQ","xinxingxian"
"xxz","小西庄","XXP","xiaoxizhuang"
"xya","旬阳","XUY","xunyang"
"xyd","襄阳东","XWN","xiangyangdong"
"xyg","小雨谷","XHM","xiaoyugu"
"xyj","小月旧","XFM","xiaoyuejiu"
"xyu","襄垣","EIF","xiangyuan"
"xyx","祥云西","EXM","xiangyunxi"
"xyz","新阳镇","XZJ","xinyangzhen"
"xzf","新帐房","XZX","xinzhangfang"
"xzh","新肇","XZT","xinzhao"
"xzi","汐子","XZD","xizi"
"xzz","新杖子","ERP","xinzhangzi"
"yan","依安","YAX","yian"
"yax","永安乡","YNB","yonganxiang"
"ybs","元宝山","YUD","yuanbaoshan"
"ycd","秧草地","YKM","yangcaodi"
"ych","迎春","YYB","yingchun"
"ych","盐池","YKJ","yanchi"
"ych","阳春","YQQ","yangchun"
"ych","应城","YHN","yingcheng"
"ych","晏城","YEK","yancheng"
"ych","阳岔","YAL","yangcha"
"ych","雁翅","YAP","yanchi"
"ycx","虞城县","IXH","yuchengxian"
"yde","英德","YDQ","yingde"
"ydi","尹地","YDM","yindi"
"yds","雁荡山","YGH","yandangshan"
"ydu","园墩","YAJ","yuandun"
"yfy","永丰营","YYM","yongfengying"
"yga","阳高","YOV","yanggao"
"yha","友好","YOB","youhao"
"yhc","沿河城","YHP","yanhecheng"
"yjh","羊臼河","YHM","yangjiuhe"
"yji","营街","YAM","yingjie"
"yji","余江","YHG","yujiang"
"yji","姚家","YAT","yaojia"
"yjp","一间堡","YJT","yijianpu"
"yjs","云居寺","AFP","yunjusi"
"yka","永康","RFH","yongkang"
"yla","银浪","YJX","yinlang"
"ylb","宜良北","YSM","yiliangbei"
"ylh","伊拉哈","YLX","yilaha"
"yli","杨陵","YSY","yangling"
"yli","杨林","YLM","yanglin"
"ylq","杨柳青","YQP","yangliuqing"
"yma","义马","YMF","yima"
"yme","玉门","YXJ","yumen"
"ymo","元谋","YMM","yuanmou"
"yna","沂南","YNK","yinan"
"ynd","伊宁东","YNR","yiningdong"
"ypu","羊堡","ABM","yangpu"
"yqi","乐清","UPH","yueqing"
"yqt","姚千户屯","YQT","yaoqianhutun"
"ysg","榆树沟","YGP","yushugou"
"ysh","玉石","YSJ","yushi"
"ysh","偃师","YSF","yanshi"
"ysh","榆社","YSV","yushe"
"ysh","窑上","ASP","yaoshang"
"ysl","杨树岭","YAD","yangshuling"
"yst","榆树屯","YSX","yushutun"
"ysz","鹰手营子","YIP","yingshouyingzi"
"ytp","牙屯堡","YTZ","yatunpu"
"ytt","烟筒屯","YUX","yantongtun"
"yxi","越西","YHW","yuexi"
"yxi","永修","ACG","yongxiu"
"yya","弋阳","YIG","yiyang"
"yya","酉阳","AFW","youyang"
"yyi","阳邑","ARP","yangyi"
"yyz","鸳鸯镇","YYJ","yuanyangzhen"
"yzh","仪征","UZH","yizheng"
"yzi","迤资","YQM","yizi"
"yzz","杨杖子","YZD","yangzhangzi"
"zan","治安","ZAD","zhian"
"zbw","张百湾","ZUP","zhangbaiwan"
"zch","枝城","ZCN","zhicheng"
"zch","诸城","ZQK","zhucheng"
"zch","赵城","ZCV","zhaocheng"
"zdi","正定","ZDP","zhengding"
"zfp","照福铺","ZFM","zhaofupu"
"zgu","赵光","ZGB","zhaoguang"
"zhm","中华门","VNH","zhonghuamen"
"zjc","钟家村","ZJY","zhongjiacun"
"zjg","紫荆关","ZYP","zijingguan"
"zji","诸暨","ZDH","zhuji"
"zjt","周家屯","ZOD","zhoujiatun"
"zjx","湛江西","ZWQ","zhanjiangxi"
"zjz","曾家坪子","ZBW","zengjiapingzi"
"zla","镇赉","ZLT","zhenlai"
"zlt","扎鲁特","ZLD","zhalute"
"zmt","樟木头","ZOQ","zhangmutou"
"znd","中宁东","ZDJ","zhongningdong"
"znn","中宁南","ZNJ","zhongningnan"
"zpi","漳平","ZPS","zhangping"
"zqi","枣强","ZVP","zaoqiang"
"zqi","章丘","ZTK","zhangqiu"
"zrl","泽润里","ZLM","zerunli"
"zsd","樟树东","ZOG","zhangshudong"
"zsh","中山","ZSQ","zhongshan"
"zsh","钟山","ZSZ","zhongshan"
"zwo","珠窝","ZOP","zhuwo"
"zwu","彰武","ZWD","zhangwu"
"zxi","钟祥","ZTN","zhongxiang"
"zxi","镇西","ZVT","zhenxi"
"zxq","正镶白旗","ZXC","zhengxiangbaiqi"
"zya","枣阳","ZYN","zaoyang"
"zye","张掖","ZYJ","zhangye"
"zzd","漳州东","GOS","zhangzhoudong"
"zzh","壮志","ZUX","zhuangzhi"
"zzh","中寨","ZZM","zhongzhai"
"zzi","咋子","ZAL","zhazi"
"zzx","株洲西","ZAQ","zhuzhouxi"
"abq","阿巴嘎旗","AQC","abagaqi"
"alt","阿勒泰","AUR","aletai"
"asx","安顺西","ASE","anshunxi"
"ayd","安阳东","ADF","anyangdong"
"bbu","八步","BBE","babu"
"bdd","保定东","BMP","baodingdong"
"bgo","白沟","FEP","baigou"
"bhb","滨海北","FCP","binhaibei"
"bjz","北井子","BRT","beijingzi"
"bqi","宝清","BUB","baoqing"
"bsp","白沙铺","BSN","baishapu"
"bta","板塘","NGQ","bantang"
"bxc","本溪新城","BVT","benxixincheng"
"bxi","彬县","BXY","binxian"
"bya","宾阳","UKZ","binyang"
"byd","白洋淀","FWP","baiyangdian"
"byi","百宜","FHW","baiyi"
"byn","白音华南","FNC","baiyinhuanan"
"bzd","巴中东","BDE","bazhongdong"
"bzh","滨州","BIK","binzhou"
"bzx","霸州西","FOP","bazhouxi"
"cch","澄城","CUY","chengcheng"
"cgb","城固北","CBY","chenggubei"
"cgh","查干湖","VAT","chaganhu"
"chd","巢湖东","GUH","chaohudong"
"cji","从江","KNW","congjiang"
"cjy","蔡家崖","EBV","caijiaya"
"cka","茶卡","CVO","chaka"
"clh","长临河","FVH","changlinhe"
"cln","茶陵南","CNG","chalingnan"
"cpd","常平东","FQQ","changpingdong"
"cpn","常平南","FPQ","changpingnan"
"cqq","长庆桥","CQJ","changqingqiao"
"csb","长寿北","COW","changshoubei"
"csh","长寿湖","CSE","changshouhu"
"csh","常山","CSU","changshan"
"csh","潮汕","CBQ","chaoshan"
"csx","长沙西","RXQ","changshaxi"
"cti","朝天","CTE","chaotian"
"ctn","长汀南","CNS","changtingnan"
"cwu","长武","CWY","changwu"
"cxi","长兴","CBH","changxing"
"cxi","苍溪","CXE","cangxi"
"cya","长阳","CYN","changyang"
"cya","潮阳","CNQ","chaoyang"
"czt","城子坦","CWT","chengzitan"
"dad","东安东","DCZ","dongandong"
"dba","德保","RBZ","debao"
"dch","都昌","DCG","duchang"
"dch","东岔","DCJ","dongcha"
"dcn","东城南","IYQ","dongchengnan"
"ddh","东戴河","RDD","dongdaihe"
"ddx","丹东西","RWT","dandongxi"
"deh","东二道河","DRB","dongerdaohe"
"dfe","大丰","KRQ","dafeng"
"dfn","大方南","DNE","dafangnan"
"dgb","东港北","RGT","donggangbei"
"dgs","大孤山","RMT","dagushan"
"dgu","东莞","RTQ","dongguan"
"dhd","鼎湖东","UWQ","dinghudong"
"dhs","鼎湖山","NVQ","dinghushan"
"dji","道滘","RRQ","daojiao"
"dji","洞井","FWQ","dongjing"
"dji","垫江","DJE","dianjiang"
"dju","大苴","DIM","daju"
"dli","大荔","DNY","dali"
"dlz","大朗镇","KOQ","dalangzhen"
"dqg","大青沟","DSD","daqinggou"
"dqi","德清","DRH","deqing"
"dsd","东胜东","RSC","dongshengdong"
"dsn","砀山南","PRH","dangshannan"
"dsn","大石头南","DAL","dashitounan"
"dtd","当涂东","OWH","dangtudong"
"dtx","大通西","DTO","datongxi"
"dwa","大旺","WWQ","dawang"
"dxb","定西北","DNJ","dingxibei"
"dxd","德兴东","DDG","dexingdong"
"dxi","德兴","DWG","dexing"
"dxs","丹霞山","IRQ","danxiashan"
"dyb","大冶北","DBN","dayebei"
"dyd","都匀东","KJW","duyundong"
"dyn","东营南","DOK","dongyingnan"
"dyu","大余","DYG","dayu"
"dzd","定州东","DOP","dingzhoudong"
"dzh","端州","WZQ","duanzhou"
"dzn","大足南","FQW","dazunan"
"ems","峨眉山","IXW","emeishan"
"epg","阿房宫","EGY","epanggong"
"ezd","鄂州东","EFN","ezhoudong"
"fcb","防城港北","FBZ","fangchenggangbei"
"fcd","凤城东","FDT","fengchengdong"
"fch","富川","FDZ","fuchuan"
"fcx","繁昌西","PUH","fanchangxi"
"fdu","丰都","FUW","fengdu"
"flb","涪陵北","FEW","fulingbei"
"fli","枫林","FLN","fenglin"
"fni","富宁","FNM","funing"
"fpi","佛坪","FUY","foping"
"fqi","法启","FQE","faqi"
"frn","芙蓉南","KCQ","furongnan"
"fsh","复盛","FAW","fusheng"
"fso","抚松","FSL","fusong"
"fsx","佛山西","FOQ","foshanxi"
"fsz","福山镇","FZQ","fushanzhen"
"fti","福田","NZQ","futian"
"fyb","富源北","FBM","fuyuanbei"
"fyu","抚远","FYB","fuyuan"
"fzd","抚州东","FDG","fuzhoudong"
"fzh","抚州","FZG","fuzhou"
"gan","高安","GCG","gaoan"
"gan","广安南","VUW","guangannan"
"gan","贵安","GAE","guian"
"gbd","高碑店东","GMP","gaobeidiandong"
"gch","恭城","GCZ","gongcheng"
"gcn","藁城南","GUP","gaochengnan"
"gdb","贵定北","FMW","guidingbei"
"gdn","葛店南","GNN","gediannan"
"gdx","贵定县","KIW","guidingxian"
"ghb","广汉北","GVW","guanghanbei"
"ghu","高花","HGD","gaohua"
"gju","革居","GEM","geju"
"gli","关岭","GLE","guanling"
"glx","桂林西","GEZ","guilinxi"
"gmc","光明城","IMQ","guangmingcheng"
"gni","广宁","FBQ","guangning"
"gns","广宁寺","GQT","guangningsi"
"gnx","广南县","GXM","guangnanxian"
"gpi","桂平","GAZ","guiping"
"gpz","弓棚子","GPT","gongpengzi"
"gsd","赶水东","GDE","ganshuidong"
"gsh","光山","GUN","guangshan"
"gsh","谷山","FFQ","gushan"
"gsl","观沙岭","FKQ","guanshaling"
"gtb","古田北","GBS","gutianbei"
"gtb","广通北","GPM","guangtongbei"
"gtn","高台南","GAJ","gaotainan"
"gtz","古田会址","STS","gutianhuizhi"
"gyb","贵阳北","KQW","guiyangbei"
"gyd","贵阳东","KEW","guiyangdong"
"gyx","高邑西","GNP","gaoyixi"
"han","惠安","HNS","huian"
"hbb","淮北北","PLH","huaibeibei"
"hbd","鹤壁东","HFF","hebidong"
"hcg","寒葱沟","HKB","hanconggou"
"hch","霍城","SER","huocheng"
"hch","珲春","HUL","hunchun"
"hdd","邯郸东","HPP","handandong"
"hdo","惠东","KDQ","huidong"
"hdp","哈达铺","HDJ","hadapu"
"hdx","海东西","HDO","haidongxi"
"hdx","洪洞西","HTV","hongtongxi"
"heb","哈尔滨北","HTB","haerbinbei"
"hfc","合肥北城","COH","hefeibeicheng"
"hfn","合肥南","ENH","hefeinan"
"hga","黄冈","KGN","huanggang"
"hgd","黄冈东","KAN","huanggangdong"
"hgd","横沟桥东","HNN","henggouqiaodong"
"hgx","黄冈西","KXN","huanggangxi"
"hhe","洪河","HPB","honghe"
"hhn","怀化南","KAQ","huaihuanan"
"hhq","黄河景区","HCF","huanghejingqu"
"hhu","花湖","KHN","huahu"
"hhu","惠环","KHQ","huihuan"
"hhu","后湖","IHN","houhu"
"hji","怀集","FAQ","huaiji"
"hkb","河口北","HBM","hekoubei"
"hli","黄流","KLQ","huangliu"
"hln","黄陵南","VLY","huanglingnan"
"hme","鲘门","KMQ","houmen"
"hme","虎门","IUQ","humen"
"hmx","侯马西","HPV","houmaxi"
"hna","衡南","HNG","hengnan"
"hnd","淮南东","HOH","huainandong"
"hpu","合浦","HVZ","hepu"
"hqi","霍邱","FBH","huoqiu"
"hrd","怀仁东","HFV","huairendong"
"hrd","华容东","HPN","huarongdong"
"hrn","华容南","KRN","huarongnan"
"hsb","黄石北","KSN","huangshibei"
"hsb","黄山北","NYH","huangshanbei"
"hsb","衡水北","IHP","hengshuibei"
"hsd","贺胜桥东","HLN","heshengqiaodong"
"hsh","和硕","VUR","heshuo"
"hsn","花山南","KNN","huashannan"
"hta","荷塘","KXQ","hetang"
"htd","黄土店","HKP","huangtudian"
"hyb","合阳北","HTY","heyangbei"
"hyb","海阳北","HEK","haiyangbei"
"hyi","槐荫","IYN","huaiyin"
"hyi","鄠邑","KXY","huyi"
"hyk","花园口","HYT","huayuankou"
"hzd","霍州东","HWV","huozhoudong"
"hzn","惠州南","KNQ","huizhounan"
"jan","建安","JUL","jianan"
"jch","泾川","JAJ","jingchuan"
"jdb","景德镇北","JDG","jingdezhenbei"
"jde","旌德","NSH","jingde"
"jfe","尖峰","PFQ","jianfeng"
"jha","近海","JHD","jinhai"
"jhx","蛟河西","JOL","jiaohexi"
"jlb","军粮城北","JMP","junliangchengbei"
"jle","将乐","JLS","jiangle"
"jlh","贾鲁河","JLF","jialuhe"
"jls","九郎山","KJQ","jiulangshan"
"jmb","即墨北","JVK","jimobei"
"jmg","剑门关","JME","jianmenguan"
"jnb","建宁县北","JCS","jianningxianbei"
"jni","江宁","JJH","jiangning"
"jnx","江宁西","OKH","jiangningxi"
"jox","建瓯西","JUS","jianouxi"
"jqn","酒泉南","JNJ","jiuquannan"
"jrx","句容西","JWH","jurongxi"
"jsh","建水","JSM","jianshui"
"jsh","尖山","JPQ","jianshan"
"jss","界首市","JUN","jieshoushi"
"jxb","绩溪北","NRH","jixibei"
"jxd","介休东","JDV","jiexiudong"
"jxi","泾县","LOH","jingxian"
"jxi","靖西","JMZ","jingxi"
"jxn","进贤南","JXG","jinxiannan"
"jyb","江油北","JBE","jiangyoubei"
"jyn","嘉峪关南","JBJ","jiayuguannan"
"jyn","简阳南","JOW","jianyangnan"
"jyt","金银潭","JTN","jinyintan"
"jyu","靖宇","JYL","jingyu"
"jyw","金月湾","PYQ","jinyuewan"
"jyx","缙云西","PYH","jinyunxi"
"jzh","晋中","JZV","jinzhong"
"jzh","景州","JEP","jingzhou"
"kfb","开封北","KBF","kaifengbei"
"kfs","开福寺","FLQ","kaifusi"
"khu","开化","KHU","kaihua"
"kln","凯里南","QKW","kailinan"
"klu","库伦","KLD","kulun"
"kmn","昆明南","KOM","kunmingnan"
"kta","葵潭","KTQ","kuitan"
"kya","开阳","KVW","kaiyang"
"lad","隆安东","IDZ","longandong"
"lbb","来宾北","UCZ","laibinbei"
"lbi","灵璧","GMH","lingbi"
"lbu","寮步","LTQ","liaobu"
"lby","绿博园","LCF","lvboyuan"
"lcb","隆昌北","NWW","longchangbei"
"lcd","乐昌东","ILQ","lechangdong"
"lch","临城","UUP","lincheng"
"lch","罗城","VCZ","luocheng"
"lch","陵城","LGK","lingcheng"
"lcz","老城镇","ACQ","laochengzhen"
"ldb","龙洞堡","FVW","longdongbao"
"ldn","乐都南","LVO","ledunan"
"ldn","娄底南","UOQ","loudinan"
"ldo","乐东","UQQ","ledong"
"ldy","离堆公园","INW","liduigongyuan"
"lfa","娄烦","USV","loufan"
"lfe","陆丰","LLQ","lufeng"
"lfe","龙丰","KFQ","longfeng"
"lfn","禄丰南","LQM","lufengnan"
"lfx","临汾西","LXV","linfenxi"
"lgn","临高南","KGQ","lingaonan"
"lgu","麓谷","BNQ","lugu"
"lhe","滦河","UDP","luanhe"
"lhn","珞璜南","LNE","luohuangnan"
"lhx","漯河西","LBN","luohexi"
"ljd","罗江东","IKW","luojiangdong"
"lji","柳江","UQZ","liujiang"
"ljn","利津南","LNK","lijinnan"
"lkn","兰考南","LUF","lankaonan"
"lks","龙口市","UKK","longkoushi"
"llb","兰陵北","COK","lanlingbei"
"llb","龙里北","KFW","longlibei"
"llb","沥林北","KBQ","lilinbei"
"lld","醴陵东","UKQ","lilingdong"
"lna","陇南","INJ","longnan"
"lpn","梁平南","LPE","liangpingnan"
"lqu","礼泉","LGY","liquan"
"lsd","灵石东","UDV","lingshidong"
"lsh","乐山","IVW","leshan"
"lsh","龙市","LAG","longshi"
"lsh","溧水","LDH","lishui"
"lsn","娄山关南","LSE","loushanguannan"
"lwj","洛湾三江","KRW","luowansanjiang"
"lxb","莱西北","LBK","laixibei"
"lxi","岚县","UXV","lanxian"
"lya","溧阳","LEH","liyang"
"lyi","临邑","LUK","linyi"
"lyn","柳园南","LNR","liuyuannan"
"lzb","鹿寨北","LSZ","luzhaibei"
"lzh","阆中","LZE","langzhong"
"lzn","临泽南","LDJ","linzenan"
"mad","马鞍山东","OMH","maanshandong"
"mch","毛陈","MHN","maochen"
"mgd","明港东","MDN","minggangdong"
"mhn","民和南","MNO","minhenan"
"mji","闵集","MJN","minji"
"mla","马兰","MLR","malan"
"mle","民乐","MBJ","minle"
"mle","弥勒","MLM","mile"
"mns","玛纳斯","MSR","manasi"
"mpi","牟平","MBK","muping"
"mqb","闽清北","MBS","minqingbei"
"mqb","民权北","MIF","minquanbei"
"msd","眉山东","IUW","meishandong"
"msh","庙山","MSN","miaoshan"
"mxi","岷县","MXJ","minxian"
"myu","门源","MYO","menyuan"
"myu","暮云","KIQ","muyun"
"mzb","蒙自北","MBM","mengzibei"
"mzh","孟庄","MZF","mengzhuang"
"mzi","蒙自","MZM","mengzi"
"nbu","南部","NBE","nanbu"
"nca","南曹","NEF","nancao"
"ncb","南充北","NCE","nanchongbei"
"nch","南城","NDG","nancheng"
"ncx","南昌西","NXG","nanchangxi"
"ndn","宁东南","NDJ","ningdongnan"
"ndo","宁东","NOJ","ningdong"
"nfb","南芬北","NUT","nanfenbei"
"nfe","南丰","NFG","nanfeng"
"nhd","南湖东","NDN","nanhudong"
"njb","内江北","NKW","neijiangbei"
"nji","南江","FIW","nanjiang"
"njk","南江口","NDQ","nanjiangkou"
"nli","南陵","LLH","nanling"
"nmu","尼木","NMO","nimu"
"nnd","南宁东","NFZ","nanningdong"
"nnx","南宁西","NXZ","nanningxi"
"npb","南平北","NBS","nanpingbei"
"nqn","宁强南","NOY","ningqiangnan"
"nxi","南雄","NCQ","nanxiong"
"nyo","纳雍","NYE","nayong"
"nyz","南阳寨","NYF","nanyangzhai"
"pan","普安","PAN","puan"
"pax","普安县","PUE","puanxian"
"pbi","屏边","PBM","pingbian"
"pbn","平坝南","PBE","pingbanan"
"pch","平昌","PCE","pingchang"
"pdi","普定","PGW","puding"
"pdu","平度","PAK","pingdu"
"pko","皮口","PUT","pikou"
"plc","盘龙城","PNN","panlongcheng"
"pls","蓬莱市","POK","penglaishi"
"pni","普宁","PEQ","puning"
"pnn","平南南","PAZ","pingnannan"
"psb","彭山北","PPW","pengshanbei"
"psh","盘山","PUD","panshan"
"psh","坪上","PSK","pingshang"
"pxb","萍乡北","PBG","pingxiangbei"
"pya","鄱阳","PYG","poyang"
"pya","濮阳","PYF","puyang"
"pyc","平遥古城","PDV","pingyaogucheng"
"pyd","平原东","PUK","pingyuandong"
"pzh","普者黑","PZM","puzhehei"
"pzh","盘州","PAE","panzhou"
"pzh","彭州","PMW","pengzhou"
"qan","秦安","QGJ","qinan"
"qbd","青白江东","QFW","qingbaijiangdong"
"qch","青川","QCE","qingchuan"
"qdb","青岛北","QHK","qingdaobei"
"qdo","祁东","QMQ","qidong"
"qdu","青堆","QET","qingdui"
"qfe","前锋","QFB","qianfeng"
"qjb","曲靖北","QBM","qujingbei"
"qjd","綦江东","QDE","qijiangdong"
"qji","曲江","QIM","qujiang"
"qli","青莲","QEW","qinglian"
"qqn","齐齐哈尔南","QNB","qiqihaernan"
"qsb","清水北","QEJ","qingshuibei"
"qsh","青神","QVW","qingshen"
"qsh","岐山","QAY","qishan"
"qsh","庆盛","QSQ","qingsheng"
"qsx","清水县","QIJ","qingshuixian"
"qsx","曲水县","QSO","qushuixian"
"qxd","祁县东","QGV","qixiandong"
"qxi","乾县","QBY","qianxian"
"qxn","旗下营南","QNC","qixiayingnan"
"qya","祁阳","QWQ","qiyang"
"qzn","全州南","QNZ","quanzhounan"
"qzw","棋子湾","QZQ","qiziwan"
"rbu","仁布","RUO","renbu"
"rcb","荣昌北","RQW","rongchangbei"
"rch","荣成","RCK","rongcheng"
"rcx","瑞昌西","RXG","ruichangxi"
"rdo","如东","RIH","rudong"
"rji","榕江","RVW","rongjiang"
"rkz","日喀则","RKO","rikaze"
"rpi","饶平","RVQ","raoping"
"scl","宋城路","SFF","songchenglu"
"sdh","三道湖","SDL","sandaohu"
"sdo","邵东","FIQ","shaodong"
"sdx","三都县","KKW","sanduxian"
"sfa","胜芳","SUP","shengfang"
"sfb","双峰北","NFQ","shuangfengbei"
"she","商河","SOK","shanghe"
"sho","泗洪","GQH","sihong"
"shu","四会","AHQ","sihui"
"sjd","石家庄东","SXP","shijiazhuangdong"
"sjn","三江南","SWZ","sanjiangnan"
"sjz","三井子","OJT","sanjingzi"
"slc","双流机场","IPW","shuangliujichang"
"slx","石林西","SYM","shilinxi"
"slx","沙岭子西","IXP","shalingzixi"
"slx","双流西","IQW","shuangliuxi"
"smb","三明北","SHS","sanmingbei"
"smi","嵩明","SVM","songming"
"sml","树木岭","FMQ","shumuling"
"smu","神木","HMY","shenmu"
"snq","苏尼特左旗","ONC","sunitezuoqi"
"spd","山坡东","SBN","shanpodong"
"sqi","石桥","SQE","shiqiao"
"sqi","沈丘","SQN","shenqiu"
"ssb","鄯善北","SMR","shanshanbei"
"ssb","狮山北","NSQ","shishanbei"
"ssb","三水北","ARQ","sanshuibei"
"ssb","松山湖北","KUQ","songshanhubei"
"ssh","狮山","KSQ","shishan"
"ssn","三水南","RNQ","sanshuinan"
"ssn","韶山南","INQ","shaoshannan"
"ssu","三穗","QHW","sansui"
"sti","石梯","STE","shiti"
"swe","汕尾","OGQ","shanwei"
"sxb","歙县北","NPH","shexianbei"
"sxb","绍兴北","SLH","shaoxingbei"
"sxd","绍兴东","SSH","shaoxingdong"
"sxi","泗县","GPH","sixian"
"sxi","始兴","IPQ","shixing"
"sya","泗阳","MPH","siyang"
"sya","双阳","OYT","shuangyang"
"syb","邵阳北","OVQ","shaoyangbei"
"syb","松原北","OCT","songyuanbei"
"syi","山阴","SNV","shanyin"
"szb","深圳北","IOQ","shenzhenbei"
"szh","神州","SRQ","shenzhou"
"szs","深圳坪山","IFQ","shenzhenpingshan"
"szs","石嘴山","QQJ","shizuishan"
"szx","石柱县","OSW","shizhuxian"
"tan","台安南","TAD","taiannan"
"tcb","桃村北","TOK","taocunbei"
"tdb","田东北","TBZ","tiandongbei"
"tdd","土地堂东","TTN","tuditangdong"
"tgx","太谷西","TIV","taiguxi"
"tha","吐哈","THR","tuha"
"tha","通海","TAM","tonghai"
"thb","太和北","JYN","taihebei"
"thc","天河机场","TJN","tianhejichang"
"thj","天河街","TEN","tianhejie"
"thx","通化县","TXL","tonghuaxian"
"tji","同江","TJB","tongjiang"
"tlb","铜陵北","KXH","tonglingbei"
"tlb","吐鲁番北","TAR","tulufanbei"
"tni","泰宁","TNS","taining"
"trn","铜仁南","TNW","tongrennan"
"tsn","天水南","TIJ","tianshuinan"
"twe","通渭","TWJ","tongwei"
"txd","田心东","KQQ","tianxindong"
"txh","汤逊湖","THN","tangxunhu"
"txi","藤县","TAZ","tengxian"
"tyn","太原南","TNV","taiyuannan"
"tyx","通远堡西","TST","tongyuanpuxi"
"tzb","桐梓北","TBE","tongzibei"
"tzd","桐梓东","TDE","tongzidong"
"tzh","通州","TOP","tongzhou"
"wdd","文登东","WGK","wendengdong"
"wfs","五府山","WFG","wufushan"
"whb","威虎岭北","WBL","weihulingbei"
"whb","威海北","WHK","weihaibei"
"wlb","乌兰察布","WPC","wulanchabu"
"wld","五龙背东","WMT","wulongbeidong"
"wln","乌龙泉南","WFN","wulongquannan"
"wlq","乌鲁木齐","WAR","wulumuqi"
